user_id,join_date,membership_type
U04254,2022-02-18,BASIC
U02686,2022-11-19,PREMIUM
U0034,2023-03-14,BASIC
U02744,2023-01-06,BASIC
U02523,2022-03-21,PREMIUM
U04342,2023-04-12,BASIC
U1668,2022-07-26,PREMIUM
U03204,2023-04-02,BASIC
U04365,2021-06-20,BASIC
U0073,2021-02-07,BASIC
U00752,2023-07-05,PREMIUM
U05489,2022-12-10,BASIC
U03274,2022-01-26,BASIC
U03655,2021-06-30,BASIC
U02001,2022-05-29,BASIC
U04035,2022-09-10,BASIC
U0162,2023-05-27,PREMIUM
U07932,2023-01-26,BASIC
U05053,2022-01-22,BASIC
U06160,2023-05-02,PREMIUM
U07898,2021-10-21,BASIC
U00251,2021-07-10,PREMIUM
U02642,2021-03-04,BASIC
U07487,2021-06-18,BASIC
U02949,2022-07-01,BASIC
U07922,2021-02-26,BASIC
U0369,2021-07-19,BASIC
U06245,2023-06-05,BASIC
U04592,2021-12-06,BASIC
U06849,2021-12-11,BASIC
U0826,2022-09-01,PREMIUM
U00680,2022-05-17,BASIC
U02627,2021-03-14,BASIC
U02951,2022-12-04,PREMIUM
U06330,2021-08-05,BASIC
U01339,2023-02-17,PREMIUM
U03591,2023-06-02,BASIC
U1543,2022-10-11,PREMIUM
U01975,2022-05-05,BASIC
U04632,2023-06-12,BASIC
U03549,2021-10-01,BASIC
U0923,2021-09-10,BASIC
U06364,2022-04-02,PREMIUM
U0729,2021-06-06,PREMIUM
U07319,2022-11-27,BASIC
U0485,2022-04-20,BASIC
U02821,2023-01-28,BASIC
U01467,2021-01-29,BASIC
U1966,2022-07-02,BASIC
U00306,2021-12-01,BASIC
U01725,2021-03-11,BASIC
U06286,2021-08-03,BASIC
U02995,2023-07-16,BASIC
U06129,2023-01-01,BASIC
U01034,2022-09-25,BASIC
U05940,2022-05-08,PREMIUM
U01041,2021-06-03,PREMIUM
U07657,2021-11-04,BASIC
U00547,2021-11-14,BASIC
U00594,2023-07-03,BASIC
U0799,2023-07-12,BASIC
U05968,2022-01-09,BASIC
U04079,2022-04-25,BASIC
U1126,2023-03-27,PREMIUM
U0261,2022-06-27,BASIC
U06189,2022-03-17,BASIC
U00755,2022-10-04,PREMIUM
U07755,2022-05-24,BASIC
U04233,2023-04-28,BASIC
U00878,2022-04-27,BASIC
U03325,2022-08-25,PREMIUM
U1716,2023-05-01,PREMIUM
U01572,2023-02-20,BASIC
U00896,2023-07-06,PREMIUM
U00929,2022-10-27,PREMIUM
U06180,2021-08-31,PREMIUM
U1952,2022-12-05,BASIC
U04689,2021-05-18,BASIC
U06577,2022-05-06,PREMIUM
U00022,2023-07-25,PREMIUM
U07056,2021-06-28,PREMIUM
U1672,2021-12-24,PREMIUM
U03361,2023-08-29,BASIC
U01859,2023-07-22,BASIC
U03863,2021-07-29,PREMIUM
U01147,2023-04-18,PREMIUM
U01307,2023-08-22,PREMIUM
U01008,2021-03-25,BASIC
U07003,2021-08-20,BASIC
U05772,2023-03-15,PREMIUM
U05440,2021-10-05,BASIC
U05944,2022-05-05,BASIC
U07240,2023-08-19,BASIC
U1064,2023-05-31,BASIC
U01156,2022-04-16,BASIC
U01789,2023-09-25,BASIC
U07191,2021-11-02,PREMIUM
U05827,2022-04-16,BASIC
U05541,2021-03-06,PREMIUM
U05233,2021-09-01,BASIC
U1505,2023-01-06,PREMIUM
U03021,2023-02-26,PREMIUM
U02905,2023-06-25,PREMIUM
U06095,2023-02-07,BASIC
U04845,2021-07-26,BASIC
U00167,2023-02-20,PREMIUM
U0458,2022-12-03,BASIC
U05852,2022-01-23,PREMIUM
U07125,2022-12-19,BASIC
U00342,2021-01-07,PREMIUM
U03529,2022-05-14,BASIC
U04745,2022-03-01,PREMIUM
U02005,2021-03-07,BASIC
U0435,2021-07-03,BASIC
U06711,2022-06-12,BASIC
U02051,2021-01-26,BASIC
U05642,2023-03-20,BASIC
U1760,2021-02-06,PREMIUM
U00346,2022-10-08,BASIC
U02073,2022-12-10,PREMIUM
U05218,2021-04-14,BASIC
U02218,2023-05-09,BASIC
U05954,2021-01-30,BASIC
U03972,2021-04-18,BASIC
U01352,2023-06-24,BASIC
U02697,2023-04-17,BASIC
U01401,2023-01-01,BASIC
U02083,2021-10-24,BASIC
U07151,2023-01-23,PREMIUM
U1443,2022-10-28,BASIC
U04294,2021-04-25,BASIC
U01124,2022-03-01,BASIC
U1570,2022-10-01,BASIC
U03796,2023-05-14,PREMIUM
U06183,2023-09-14,BASIC
U07419,2022-03-28,BASIC
U1220,2022-04-22,BASIC
U04683,2021-12-21,PREMIUM
U0597,2021-09-18,BASIC
U06793,2021-09-06,BASIC
U0904,2023-05-29,BASIC
U05793,2022-01-16,BASIC
U04519,2022-07-28,BASIC
U1270,2021-11-10,PREMIUM
U05889,2021-07-06,BASIC
U04832,2022-05-26,BASIC
U03423,2021-11-27,BASIC
U0831,2021-04-28,BASIC
U0046,2022-02-14,PREMIUM
U02749,2022-05-04,PREMIUM
U04007,2021-11-11,BASIC
U04041,2022-10-19,PREMIUM
U01819,2022-10-22,BASIC
U06448,2022-02-09,BASIC
U03271,2022-11-05,BASIC
U04899,2021-03-01,BASIC
U03311,2021-07-14,PREMIUM
U0502,2021-06-10,BASIC
U03676,2022-11-22,BASIC
U02388,2022-04-25,BASIC
U1959,2023-08-14,BASIC
U02204,2021-12-04,BASIC
U05509,2021-09-06,BASIC
U1445,2023-06-22,PREMIUM
U00069,2023-01-18,BASIC
U0290,2023-05-13,BASIC
U07646,2022-08-11,BASIC
U06896,2022-06-09,PREMIUM
U06022,2021-10-07,PREMIUM
U00234,2021-08-04,BASIC
U1944,2023-07-10,PREMIUM
U07414,2021-11-23,PREMIUM
U05060,2021-12-15,BASIC
U04791,2023-04-14,PREMIUM
U0001,2021-09-20,PREMIUM
U0409,2022-03-15,PREMIUM
U00629,2023-08-14,BASIC
U06967,2022-08-10,PREMIUM
U02515,2022-09-12,PREMIUM
U03912,2021-05-08,BASIC
U06315,2022-09-14,BASIC
U01102,2021-10-07,PREMIUM
U03705,2023-06-05,BASIC
U01900,2021-06-12,PREMIUM
U03442,2021-11-28,BASIC
U05932,2021-04-18,BASIC
U1762,2022-09-30,BASIC
U05237,2021-06-26,BASIC
U00500,2023-07-25,BASIC
U0754,2022-07-10,BASIC
U06405,2021-03-07,PREMIUM
U00857,2022-08-08,BASIC
U02271,2021-08-07,PREMIUM
U00910,2023-05-17,BASIC
U06082,2022-07-10,BASIC
U02518,2022-08-07,PREMIUM
U1067,2021-01-25,BASIC
U01162,2022-03-18,BASIC
U1671,2023-01-10,BASIC
U01914,2022-07-10,BASIC
U03200,2023-07-29,BASIC
U06848,2022-06-30,BASIC
U0057,2023-09-02,PREMIUM
U01792,2023-05-18,BASIC
U07204,2022-04-27,BASIC
U1653,2021-09-10,BASIC
U05909,2021-12-07,BASIC
U1461,2022-01-28,PREMIUM
U06344,2023-01-12,BASIC
U0009,2021-10-07,BASIC
U01233,2022-02-11,BASIC
U05934,2022-02-14,BASIC
U05459,2022-12-03,BASIC
U07785,2022-06-07,BASIC
U03185,2021-04-10,PREMIUM
U06078,2022-12-12,PREMIUM
U04503,2023-06-21,BASIC
U04792,2023-03-16,BASIC
U05774,2022-06-04,BASIC
U00739,2021-06-14,BASIC
U05843,2022-07-04,BASIC
U04263,2022-10-15,PREMIUM
U06207,2021-10-26,PREMIUM
U1242,2021-01-28,BASIC
U07337,2023-09-09,BASIC
U02196,2022-02-21,PREMIUM
U06002,2022-08-01,BASIC
U05379,2021-05-18,PREMIUM
U01436,2022-09-21,BASIC
U03383,2021-12-27,BASIC
U0368,2021-05-02,BASIC
U0713,2022-08-03,BASIC
U03743,2023-01-23,BASIC
U04729,2022-12-16,BASIC
U02383,2021-11-20,BASIC
U03198,2021-01-28,BASIC
U0738,2023-09-11,BASIC
U00690,2023-01-13,PREMIUM
U04474,2022-12-20,BASIC
U06821,2023-08-03,BASIC
U05809,2021-11-07,BASIC
U01412,2023-06-20,BASIC
U0296,2022-05-24,BASIC
U02615,2022-02-12,BASIC
U1245,2021-09-18,BASIC
U0042,2021-01-15,BASIC
U04444,2022-11-25,BASIC
U01072,2023-03-16,BASIC
U01017,2021-12-28,BASIC
U02824,2022-04-21,BASIC
U05823,2023-05-18,BASIC
U1472,2022-07-20,PREMIUM
U07422,2021-01-16,BASIC
U04601,2021-03-11,BASIC
U02444,2021-09-19,PREMIUM
U05603,2021-06-22,BASIC
U01836,2022-07-27,BASIC
U07703,2023-02-04,BASIC
U02323,2023-07-23,BASIC
U01395,2022-08-21,PREMIUM
U02753,2021-12-31,BASIC
U05230,2021-04-29,BASIC
U07192,2022-09-26,BASIC
U00362,2022-02-01,BASIC
U0350,2021-04-05,PREMIUM
U03667,2022-11-11,BASIC
U06076,2021-05-22,BASIC
U02944,2021-05-08,BASIC
U01664,2021-01-23,BASIC
U1532,2021-04-16,BASIC
U02114,2021-05-09,BASIC
U07051,2021-07-03,BASIC
U07277,2021-06-20,BASIC
U06539,2021-10-21,BASIC
U0841,2023-03-07,PREMIUM
U03855,2021-07-25,BASIC
U05620,2022-02-28,BASIC
U0180,2022-03-07,BASIC
U05419,2022-03-21,BASIC
U03268,2021-06-24,BASIC
U05148,2022-04-16,PREMIUM
U0317,2023-05-22,BASIC
U06696,2021-06-26,BASIC
U07733,2023-03-02,BASIC
U07447,2021-02-14,BASIC
U04755,2023-04-19,BASIC
U01503,2022-01-20,BASIC
U00235,2021-05-27,BASIC
U00804,2023-01-16,BASIC
U02425,2023-05-04,BASIC
U03664,2021-12-23,BASIC
U05171,2023-08-11,PREMIUM
U06338,2022-10-12,BASIC
U00149,2022-06-05,PREMIUM
U05970,2021-10-30,BASIC
U04552,2022-10-20,PREMIUM
U05644,2023-06-20,BASIC
U04165,2021-07-04,BASIC
U0881,2022-06-06,BASIC
U05697,2022-10-01,BASIC
U05095,2021-02-27,BASIC
U1960,2023-09-22,PREMIUM
U04692,2021-03-09,PREMIUM
U01402,2022-02-09,BASIC
U0100,2021-09-28,PREMIUM
U03637,2023-09-21,PREMIUM
U06483,2021-04-08,BASIC
U04605,2022-11-06,PREMIUM
U0995,2022-08-01,BASIC
U03561,2021-02-27,PREMIUM
U07413,2022-11-24,PREMIUM
U06144,2021-02-23,BASIC
U06665,2022-06-22,BASIC
U04597,2023-02-08,BASIC
U1538,2022-07-14,BASIC
U04872,2021-10-03,BASIC
U02815,2023-04-02,BASIC
U04554,2023-01-06,BASIC
U05531,2022-03-08,BASIC
U03797,2021-05-08,BASIC
U05438,2023-06-16,PREMIUM
U02219,2023-07-20,BASIC
U03942,2023-08-03,BASIC
U06502,2022-02-16,BASIC
U04430,2021-03-23,BASIC
U04828,2021-06-30,PREMIUM
U02132,2023-03-25,BASIC
U05803,2022-04-06,PREMIUM
U05755,2021-09-20,BASIC
U02723,2021-05-02,BASIC
U0898,2021-03-04,BASIC
U02142,2021-06-11,PREMIUM
U0199,2022-10-02,BASIC
U00031,2022-05-31,PREMIUM
U06519,2022-03-19,BASIC
U02577,2021-07-29,BASIC
U01994,2022-05-09,BASIC
U05378,2021-08-30,BASIC
U04151,2022-02-24,BASIC
U02910,2023-09-03,PREMIUM
U03028,2021-01-23,BASIC
U06262,2022-02-25,PREMIUM
U02733,2023-02-25,BASIC
U05550,2023-07-22,BASIC
U06136,2023-05-05,PREMIUM
U0149,2022-06-21,BASIC
U02775,2022-05-14,BASIC
U06111,2023-03-11,BASIC
U04953,2021-04-16,BASIC
U04006,2021-03-20,BASIC
U05730,2022-04-28,PREMIUM
U01543,2023-02-07,PREMIUM
U1082,2022-09-20,BASIC
U0494,2021-06-07,BASIC
U06733,2023-07-28,PREMIUM
U02921,2021-06-12,BASIC
U03539,2022-09-21,BASIC
U01874,2022-10-03,BASIC
U06870,2021-11-25,BASIC
U00256,2021-05-13,BASIC
U01414,2021-01-13,PREMIUM
U03461,2021-12-20,BASIC
U02957,2023-09-01,BASIC
U05398,2021-07-16,BASIC
U03416,2022-03-04,PREMIUM
U05401,2023-01-22,BASIC
U05416,2023-08-26,BASIC
U07102,2022-07-14,BASIC
U02853,2023-07-12,BASIC
U00027,2021-02-08,BASIC
U00617,2022-12-26,BASIC
U05390,2022-11-24,BASIC
U00928,2021-06-03,BASIC
U0814,2023-06-19,BASIC
U00912,2022-09-14,PREMIUM
U06148,2022-06-16,BASIC
U05385,2022-07-27,BASIC
U01484,2021-03-20,BASIC
U0843,2022-12-19,PREMIUM
U1247,2023-02-08,BASIC
U04178,2021-05-09,PREMIUM
U04268,2022-09-16,PREMIUM
U00460,2022-01-30,BASIC
U01314,2023-03-11,BASIC
U0510,2021-03-27,BASIC
U04836,2021-07-31,BASIC
U06796,2023-07-30,BASIC
U01839,2023-02-10,PREMIUM
U02400,2022-06-11,BASIC
U01597,2022-02-18,PREMIUM
U04623,2021-04-14,PREMIUM
U06384,2022-06-12,PREMIUM
U00126,2022-07-29,BASIC
U01240,2022-02-10,BASIC
U03405,2022-08-13,BASIC
U04000,2021-03-06,PREMIUM
U03940,2022-04-13,BASIC
U00047,2022-06-30,BASIC
U1638,2022-02-09,PREMIUM
U0051,2021-03-29,PREMIUM
U00675,2021-10-20,BASIC
U05018,2021-11-06,PREMIUM
U06722,2023-03-05,PREMIUM
U06851,2021-02-14,BASIC
U02814,2021-09-24,BASIC
U0007,2021-10-30,PREMIUM
U02985,2022-01-15,BASIC
U05157,2022-01-02,PREMIUM
U00886,2021-12-10,BASIC
U1073,2022-02-07,PREMIUM
U05206,2022-12-13,PREMIUM
U02369,2022-07-16,BASIC
U01081,2022-08-13,BASIC
U05205,2023-04-02,PREMIUM
U07911,2021-08-30,BASIC
U06866,2023-08-14,BASIC
U1109,2022-08-31,PREMIUM
U02339,2023-01-09,BASIC
U06897,2023-02-11,BASIC
U06449,2023-04-24,PREMIUM
U03905,2022-11-25,BASIC
U1009,2023-05-15,BASIC
U02192,2021-06-05,PREMIUM
U05487,2021-03-01,BASIC
U07645,2023-07-18,BASIC
U06312,2021-04-03,BASIC
U05592,2021-08-18,BASIC
U1723,2021-11-19,BASIC
U07157,2021-08-24,PREMIUM
U07416,2023-04-27,BASIC
U01097,2021-06-16,PREMIUM
U02633,2021-12-30,PREMIUM
U1703,2021-01-02,PREMIUM
U02060,2021-02-13,BASIC
U06176,2021-10-03,PREMIUM
U02632,2021-07-07,BASIC
U04072,2022-05-08,PREMIUM
U00666,2023-01-22,BASIC
U0824,2022-02-09,BASIC
U03910,2021-08-03,PREMIUM
U03052,2021-02-28,BASIC
U04330,2022-05-14,PREMIUM
U07735,2021-09-11,PREMIUM
U0457,2021-09-21,BASIC
U0842,2023-03-13,BASIC
U03574,2021-07-12,PREMIUM
U03768,2022-02-22,BASIC
U03158,2021-12-21,BASIC
U0617,2021-04-25,PREMIUM
U01528,2021-09-18,BASIC
U0704,2023-04-18,PREMIUM
U07189,2022-04-30,BASIC
U00924,2022-03-30,BASIC
U05913,2023-05-29,BASIC
U1584,2023-06-07,BASIC
U0554,2021-06-11,PREMIUM
U01009,2022-03-28,BASIC
U05203,2021-07-11,PREMIUM
U1116,2023-04-16,BASIC
U1693,2022-01-02,PREMIUM
U04756,2021-09-17,BASIC
U06631,2023-06-23,BASIC
U1910,2023-05-17,BASIC
U05744,2021-11-29,PREMIUM
U06216,2022-03-11,BASIC
U06946,2021-03-30,PREMIUM
U06415,2021-09-10,BASIC
U0243,2022-01-31,PREMIUM
U01475,2021-10-11,BASIC
U1140,2022-12-01,BASIC
U00191,2021-02-09,PREMIUM
U1170,2022-07-05,BASIC
U03483,2021-07-06,BASIC
U06363,2021-06-27,BASIC
U1745,2022-03-24,BASIC
U03102,2022-09-04,BASIC
U04767,2022-03-06,BASIC
U06708,2021-12-09,BASIC
U02931,2022-08-02,BASIC
U04331,2021-05-21,BASIC
U00611,2021-07-26,BASIC
U0311,2021-09-28,BASIC
U00215,2022-08-16,BASIC
U02829,2023-07-26,BASIC
U0464,2022-10-10,BASIC
U04979,2022-10-22,PREMIUM
U03887,2021-02-28,BASIC
U1042,2022-08-24,BASIC
U0049,2023-01-06,PREMIUM
U00020,2023-03-16,PREMIUM
U1454,2023-02-01,PREMIUM
U06923,2022-07-03,BASIC
U06266,2022-12-21,BASIC
U07698,2022-12-25,PREMIUM
U1127,2021-06-10,PREMIUM
U03172,2022-02-01,PREMIUM
U05207,2021-08-21,BASIC
U00524,2021-04-16,PREMIUM
U00217,2021-02-09,BASIC
U04970,2023-09-02,BASIC
U04498,2022-08-06,BASIC
U04215,2021-11-15,BASIC
U05034,2022-02-16,BASIC
U05422,2023-01-02,PREMIUM
U0143,2023-09-21,BASIC
U0030,2022-09-01,BASIC
U04291,2023-09-01,BASIC
U07968,2023-03-14,PREMIUM
U0397,2022-06-05,BASIC
U0291,2023-07-29,BASIC
U01406,2022-10-23,PREMIUM
U00908,2023-09-13,BASIC
U06306,2021-09-30,PREMIUM
U05494,2021-08-05,BASIC
U04102,2022-05-18,BASIC
U02506,2022-05-09,BASIC
U03055,2022-04-11,BASIC
U03207,2021-12-22,BASIC
U02082,2022-04-21,BASIC
U04920,2022-01-11,BASIC
U04804,2021-05-30,PREMIUM
U03208,2022-06-17,PREMIUM
U1086,2023-04-08,PREMIUM
U02832,2022-08-05,PREMIUM
U02040,2021-08-01,BASIC
U02086,2022-08-20,BASIC
U01206,2023-01-13,BASIC
U05112,2022-04-18,BASIC
U1724,2023-02-03,BASIC
U02959,2021-09-17,BASIC
U01035,2022-09-29,BASIC
U05686,2021-09-05,BASIC
U0072,2021-07-21,BASIC
U07921,2023-05-03,BASIC
U01599,2022-12-26,PREMIUM
U07040,2021-10-11,PREMIUM
U06003,2021-11-17,BASIC
U0604,2023-03-31,PREMIUM
U0466,2023-09-01,BASIC
U07104,2021-01-03,BASIC
U06017,2022-09-05,BASIC
U01773,2022-08-17,BASIC
U07041,2023-06-18,PREMIUM
U03084,2023-07-26,PREMIUM
U05884,2021-12-05,BASIC
U07364,2022-02-02,PREMIUM
U02212,2021-09-30,BASIC
U06836,2022-05-14,BASIC
U06701,2021-05-07,BASIC
U0398,2022-09-24,PREMIUM
U00588,2022-11-26,BASIC
U06357,2022-05-17,BASIC
U00318,2021-07-11,PREMIUM
U02187,2022-08-11,BASIC
U06829,2021-08-09,PREMIUM
U05074,2022-01-18,PREMIUM
U03236,2022-01-22,BASIC
U06745,2021-11-09,PREMIUM
U06672,2021-08-21,PREMIUM
U02770,2022-06-17,BASIC
U07974,2023-02-05,BASIC
U05146,2022-04-24,BASIC
U00915,2023-08-20,BASIC
U07873,2021-01-08,BASIC
U07895,2021-05-09,BASIC
U00077,2022-01-24,PREMIUM
U02304,2022-03-02,BASIC
U03824,2021-07-12,BASIC
U00151,2021-01-20,BASIC
U1005,2022-01-27,BASIC
U02965,2022-08-07,BASIC
U06161,2021-11-22,BASIC
U07032,2022-11-17,PREMIUM
U02777,2022-08-27,PREMIUM
U06935,2023-03-19,BASIC
U05751,2023-07-12,PREMIUM
U07830,2023-01-05,PREMIUM
U07216,2022-09-09,PREMIUM
U04062,2023-07-04,BASIC
U07477,2021-11-30,PREMIUM
U04411,2022-03-11,BASIC
U01319,2022-06-27,BASIC
U05466,2021-06-15,BASIC
U01063,2022-04-28,BASIC
U0867,2021-05-20,PREMIUM
U02516,2021-01-19,BASIC
U03507,2021-11-18,BASIC
U03252,2023-04-13,BASIC
U02513,2021-01-01,PREMIUM
U0854,2022-02-22,BASIC
U0585,2022-01-16,BASIC
U04652,2022-02-04,PREMIUM
U04648,2023-05-09,BASIC
U07862,2021-01-02,BASIC
U02141,2021-09-26,BASIC
U07395,2023-06-10,PREMIUM
U03125,2023-08-09,BASIC
U0714,2021-04-13,BASIC
U1409,2022-07-12,PREMIUM
U0349,2022-10-16,BASIC
U0344,2022-10-03,BASIC
U04908,2021-02-05,BASIC
U07767,2023-01-04,BASIC
U00525,2023-06-06,PREMIUM
U01466,2022-07-14,BASIC
U1029,2023-03-27,BASIC
U01025,2022-12-27,BASIC
U05263,2023-03-19,BASIC
U07517,2021-03-15,BASIC
U05874,2021-05-27,PREMIUM
U04627,2021-09-15,BASIC
U00536,2021-03-14,PREMIUM
U0106,2023-03-24,PREMIUM
U01706,2023-07-21,BASIC
U1393,2021-01-10,BASIC
U04202,2023-08-22,BASIC
U02858,2023-01-24,PREMIUM
U02714,2023-03-29,BASIC
U03546,2023-05-08,PREMIUM
U1218,2023-07-07,BASIC
U02115,2022-06-04,BASIC
U1761,2021-07-23,BASIC
U06139,2023-07-24,PREMIUM
U02100,2021-09-25,BASIC
U1036,2021-09-26,BASIC
U06710,2022-10-24,BASIC
U01125,2023-09-26,BASIC
U01049,2021-03-01,BASIC
U01889,2023-09-12,BASIC
U03737,2021-04-21,BASIC
U00186,2023-01-08,BASIC
U00147,2022-12-28,BASIC
U05049,2021-07-25,BASIC
U01107,2021-08-06,BASIC
U07235,2021-09-08,PREMIUM
U07098,2021-07-28,PREMIUM
U00771,2022-11-22,BASIC
U03223,2022-07-12,BASIC
U03835,2022-10-21,BASIC
U1620,2021-04-06,PREMIUM
U0446,2021-08-21,BASIC
U03146,2023-09-06,BASIC
U06269,2022-08-24,BASIC
U01939,2022-04-17,BASIC
U1685,2022-10-26,BASIC
U05222,2021-09-30,BASIC
U06441,2022-06-08,BASIC
U01259,2022-04-07,BASIC
U02340,2023-08-13,BASIC
U02364,2021-09-25,BASIC
U1854,2023-09-09,BASIC
U06071,2022-12-11,BASIC
U1599,2022-09-02,BASIC
U00486,2022-07-07,PREMIUM
U07875,2022-04-22,BASIC
U07576,2023-09-11,BASIC
U0222,2023-01-04,BASIC
U06360,2022-05-28,BASIC
U05335,2021-05-29,PREMIUM
U1876,2021-11-02,BASIC
U0130,2023-08-16,BASIC
U03750,2022-05-04,BASIC
U0910,2023-02-18,PREMIUM
U1540,2023-09-17,BASIC
U03286,2021-01-12,BASIC
U1191,2022-01-09,PREMIUM
U05152,2022-02-21,PREMIUM
U1388,2021-01-29,BASIC
U1255,2021-08-17,PREMIUM
U04087,2023-08-02,PREMIUM
U06676,2023-06-06,PREMIUM
U06343,2021-11-02,BASIC
U05813,2023-04-18,BASIC
U04086,2021-10-26,PREMIUM
U06775,2022-08-12,BASIC
U06759,2021-02-19,BASIC
U1631,2023-07-14,BASIC
U02736,2023-03-08,BASIC
U01389,2021-06-04,BASIC
U01648,2022-08-30,BASIC
U1039,2021-04-23,BASIC
U1462,2022-09-07,BASIC
U04064,2023-05-10,BASIC
U04518,2022-04-15,BASIC
U02125,2022-01-01,BASIC
U06731,2021-03-05,BASIC
U04047,2022-02-23,BASIC
U1424,2022-11-13,PREMIUM
U07163,2022-05-17,BASIC
U0103,2021-07-28,PREMIUM
U06503,2021-08-12,BASIC
U02902,2022-11-14,BASIC
U1795,2021-11-09,PREMIUM
U05933,2022-06-15,BASIC
U07549,2022-05-27,BASIC
U00825,2022-02-18,BASIC
U03469,2021-09-04,BASIC
U01531,2021-12-18,PREMIUM
U06685,2023-01-02,PREMIUM
U1688,2022-11-27,BASIC
U04549,2022-01-06,BASIC
U07090,2023-06-04,BASIC
U05622,2022-08-31,PREMIUM
U06298,2022-04-12,BASIC
U02542,2023-05-02,PREMIUM
U07136,2022-08-14,BASIC
U04484,2022-03-05,PREMIUM
U03828,2022-01-25,PREMIUM
U1718,2023-03-05,BASIC
U05446,2023-01-31,BASIC
U06522,2023-03-18,BASIC
U0732,2022-11-07,BASIC
U05456,2022-09-03,BASIC
U1013,2023-01-18,BASIC
U05518,2021-01-19,BASIC
U05646,2022-12-27,BASIC
U02440,2022-12-23,BASIC
U04163,2021-05-19,PREMIUM
U05746,2023-09-26,PREMIUM
U07589,2022-10-23,BASIC
U06121,2022-05-26,BASIC
U04969,2021-09-28,PREMIUM
U03720,2021-07-21,BASIC
U0437,2022-09-12,BASIC
U07835,2022-05-31,BASIC
U02104,2022-01-22,BASIC
U05648,2022-03-30,BASIC
U02153,2022-06-21,BASIC
U01132,2022-06-01,BASIC
U02892,2023-08-01,BASIC
U07977,2023-06-12,BASIC
U05473,2022-01-01,BASIC
U1993,2021-02-03,BASIC
U07150,2023-06-03,BASIC
U02893,2022-05-09,BASIC
U00289,2023-05-16,BASIC
U1770,2023-05-31,BASIC
U00773,2021-01-12,BASIC
U01688,2023-04-12,BASIC
U06285,2022-03-14,BASIC
U03930,2021-11-18,BASIC
U1211,2021-09-04,PREMIUM
U0664,2021-07-09,BASIC
U00604,2022-12-15,BASIC
U1411,2022-04-11,BASIC
U00170,2021-03-30,PREMIUM
U03051,2021-07-24,BASIC
U01336,2022-06-01,BASIC
U01021,2023-06-06,BASIC
U06766,2021-09-02,BASIC
U07178,2023-09-01,BASIC
U0394,2021-11-16,BASIC
U03800,2022-01-04,BASIC
U07402,2021-03-06,PREMIUM
U01253,2022-08-17,BASIC
U04302,2022-11-10,BASIC
U00253,2022-02-26,BASIC
U04029,2023-06-16,BASIC
U1233,2022-02-09,PREMIUM
U06801,2023-02-10,BASIC
U01281,2023-08-20,BASIC
U00975,2023-01-21,BASIC
U01398,2021-07-02,BASIC
U04941,2021-04-22,BASIC
U0553,2021-06-27,BASIC
U06576,2021-09-23,BASIC
U1263,2022-02-17,BASIC
U05516,2023-06-06,BASIC
U01316,2022-08-31,BASIC
U02900,2021-12-15,BASIC
U07342,2022-09-03,BASIC
U02674,2022-03-03,BASIC
U06620,2021-08-20,BASIC
U0533,2022-04-19,BASIC
U02399,2022-07-13,BASIC
U04082,2022-07-29,PREMIUM
U00616,2023-05-12,PREMIUM
U00622,2022-02-08,PREMIUM
U06716,2022-07-12,BASIC
U05284,2023-01-19,BASIC
U01381,2021-03-04,BASIC
U05303,2021-07-14,BASIC
U07859,2023-06-14,PREMIUM
U03607,2022-02-03,PREMIUM
U07815,2021-01-14,BASIC
U03788,2021-07-11,BASIC
U06520,2021-11-26,BASIC
U04852,2023-01-13,BASIC
U0348,2023-04-24,PREMIUM
U03100,2022-03-04,PREMIUM
U05638,2022-01-23,PREMIUM
U07087,2021-05-03,PREMIUM
U06025,2022-09-14,BASIC
U00394,2023-08-11,BASIC
U1124,2021-02-16,BASIC
U01521,2021-07-30,PREMIUM
U05655,2023-01-29,BASIC
U06948,2022-03-10,BASIC
U1075,2021-07-13,BASIC
U1382,2023-08-21,PREMIUM
U04636,2021-01-27,BASIC
U06974,2023-04-07,BASIC
U05495,2023-07-19,BASIC
U00870,2022-09-02,BASIC
U02874,2022-05-26,BASIC
U01552,2023-03-15,BASIC
U01844,2021-09-11,PREMIUM
U05264,2022-09-01,BASIC
U03826,2021-10-10,BASIC
U1165,2021-12-10,BASIC
U1732,2022-10-27,BASIC
U1669,2021-04-24,BASIC
U00312,2023-07-05,BASIC
U07065,2023-06-16,BASIC
U07408,2023-06-08,BASIC
U1338,2021-05-11,BASIC
U03816,2023-07-14,BASIC
U03552,2023-05-11,BASIC
U07310,2023-07-06,BASIC
U1939,2023-07-28,PREMIUM
U0636,2021-08-21,BASIC
U03985,2021-10-10,BASIC
U06674,2022-07-17,BASIC
U02477,2022-08-25,PREMIUM
U03608,2023-01-24,BASIC
U07314,2023-02-02,BASIC
U03650,2021-10-06,BASIC
U04218,2023-05-06,BASIC
U00288,2021-08-11,BASIC
U07995,2023-04-16,BASIC
U05580,2023-02-15,BASIC
U1498,2022-06-30,PREMIUM
U04003,2023-09-12,PREMIUM
U03092,2022-10-13,PREMIUM
U00518,2023-05-21,PREMIUM
U02124,2023-08-24,BASIC
U03523,2021-09-22,PREMIUM
U03629,2022-12-08,BASIC
U06362,2022-04-23,BASIC
U03874,2023-06-20,PREMIUM
U06614,2021-06-28,BASIC
U05729,2022-06-14,BASIC
U03970,2023-08-08,BASIC
U1206,2022-06-08,PREMIUM
U06764,2021-12-13,BASIC
U06237,2023-07-27,PREMIUM
U00820,2021-11-07,BASIC
U07966,2021-08-14,PREMIUM
U06705,2021-10-21,BASIC
U04610,2023-03-25,BASIC
U00822,2021-08-06,PREMIUM
U05537,2021-05-25,BASIC
U00262,2022-06-19,BASIC
U00241,2022-07-25,BASIC
U04023,2021-03-09,BASIC
U0324,2022-02-01,PREMIUM
U0488,2021-02-16,BASIC
U04204,2021-05-09,PREMIUM
U00414,2022-06-23,BASIC
U04999,2022-03-15,BASIC
U07117,2023-02-24,BASIC
U1441,2021-10-08,PREMIUM
U06109,2021-07-09,BASIC
U03807,2023-04-06,BASIC
U02881,2023-05-31,PREMIUM
U01311,2021-06-22,BASIC
U06963,2022-12-08,BASIC
U1756,2022-01-15,PREMIUM
U00494,2021-11-06,BASIC
U01708,2021-08-22,PREMIUM
U06278,2022-04-25,PREMIUM
U0537,2021-08-08,BASIC
U1304,2021-03-16,PREMIUM
U04633,2023-02-07,PREMIUM
U06280,2021-01-07,BASIC
U05317,2023-09-10,BASIC
U00254,2022-12-01,BASIC
U05417,2023-08-17,BASIC
U06367,2022-06-04,PREMIUM
U0871,2022-10-26,BASIC
U03064,2022-10-01,BASIC
U04122,2022-11-22,BASIC
U1088,2022-07-24,BASIC
U0039,2021-08-13,BASIC
U02718,2023-06-30,PREMIUM
U05710,2022-02-09,BASIC
U04351,2021-09-26,BASIC
U0450,2022-12-27,PREMIUM
U1413,2021-04-23,BASIC
U02640,2023-04-27,BASIC
U05079,2022-10-01,PREMIUM
U01357,2021-07-09,BASIC
U06281,2022-01-01,PREMIUM
U1081,2021-07-17,BASIC
U04730,2021-10-15,BASIC
U07497,2023-06-22,PREMIUM
U02069,2022-01-14,BASIC
U0643,2023-01-15,BASIC
U1285,2021-11-14,BASIC
U0815,2022-04-26,BASIC
U02803,2021-10-11,PREMIUM
U0420,2021-11-09,PREMIUM
U0957,2023-08-16,PREMIUM
U0389,2022-11-08,BASIC
U05898,2021-05-24,BASIC
U01385,2022-07-28,BASIC
U04412,2022-01-19,BASIC
U02315,2022-09-28,PREMIUM
U0230,2023-02-26,BASIC
U0229,2022-04-19,BASIC
U06883,2021-05-23,BASIC
U03853,2023-04-20,PREMIUM
U03704,2021-02-16,BASIC
U06105,2022-04-21,BASIC
U00100,2023-08-22,BASIC
U03130,2023-07-06,BASIC
U0550,2022-12-11,BASIC
U04563,2023-08-21,BASIC
U0809,2022-12-16,PREMIUM
U05019,2021-05-12,PREMIUM
U00112,2021-10-29,BASIC
U1455,2022-04-07,BASIC
U1868,2021-02-20,BASIC
U06386,2022-07-13,BASIC
U04942,2023-04-08,BASIC
U02397,2022-08-11,BASIC
U00422,2022-06-04,PREMIUM
U01047,2022-06-15,PREMIUM
U03505,2023-02-03,BASIC
U01705,2022-05-15,BASIC
U06193,2021-04-21,BASIC
U03333,2022-03-10,BASIC
U07810,2023-06-12,BASIC
U0515,2021-08-14,BASIC
U05896,2023-02-24,PREMIUM
U06730,2022-09-19,PREMIUM
U05830,2022-03-03,PREMIUM
U1941,2023-07-05,PREMIUM
U04810,2023-07-15,BASIC
U02706,2022-10-28,PREMIUM
U01871,2023-01-13,PREMIUM
U0468,2023-02-08,BASIC
U01189,2022-09-19,BASIC
U0646,2022-05-31,BASIC
U02172,2021-07-30,BASIC
U02479,2021-12-07,BASIC
U1006,2021-07-11,PREMIUM
U03766,2021-11-09,BASIC
U05524,2022-02-23,BASIC
U02504,2022-12-05,BASIC
U07711,2021-05-20,BASIC
U0352,2022-05-26,BASIC
U1663,2021-07-02,BASIC
U03096,2022-10-21,BASIC
U0594,2022-08-29,BASIC
U04625,2021-08-18,PREMIUM
U1420,2023-06-28,BASIC
U04410,2022-10-20,BASIC
U1572,2021-08-21,BASIC
U0650,2021-06-12,PREMIUM
U1237,2022-03-11,BASIC
U01153,2021-07-28,PREMIUM
U1705,2021-07-01,PREMIUM
U03611,2021-08-09,PREMIUM
U06534,2023-09-02,PREMIUM
U03804,2022-02-23,BASIC
U03308,2021-02-28,BASIC
U05088,2023-07-21,PREMIUM
U06899,2022-09-13,BASIC
U05490,2023-09-09,BASIC
U07617,2022-09-12,BASIC
U07219,2022-12-14,PREMIUM
U0786,2021-05-24,BASIC
U00360,2023-09-04,PREMIUM
U06469,2022-02-26,BASIC
U0443,2023-03-18,BASIC
U00475,2021-01-11,PREMIUM
U03491,2021-05-17,PREMIUM
U02773,2021-12-25,BASIC
U00109,2023-03-18,BASIC
U05502,2022-12-11,BASIC
U02416,2023-04-03,BASIC
U06140,2022-07-20,PREMIUM
U06662,2021-02-04,BASIC
U06241,2021-08-20,BASIC
U00419,2022-10-19,BASIC
U06773,2021-04-22,BASIC
U00238,2021-04-02,PREMIUM
U01769,2023-02-05,BASIC
U07793,2021-10-20,BASIC
U07991,2023-08-01,BASIC
U07967,2022-08-19,BASIC
U05325,2022-11-19,BASIC
U0905,2021-11-15,BASIC
U01103,2022-12-01,PREMIUM
U01923,2023-05-25,BASIC
U04687,2023-05-03,BASIC
U01196,2021-12-30,BASIC
U1079,2023-03-28,BASIC
U05715,2022-12-22,PREMIUM
U02898,2022-04-25,BASIC
U02784,2023-05-16,PREMIUM
U0766,2022-09-27,BASIC
U0358,2021-03-22,PREMIUM
U07173,2021-12-13,PREMIUM
U07747,2021-11-18,BASIC
U05334,2022-01-13,BASIC
U05951,2023-06-17,BASIC
U01019,2023-06-10,BASIC
U04748,2023-05-07,BASIC
U1852,2022-01-21,PREMIUM
U01936,2023-01-30,BASIC
U01027,2023-06-24,BASIC
U0845,2023-04-11,BASIC
U03030,2022-03-22,PREMIUM
U07786,2021-05-23,BASIC
U0589,2023-06-05,BASIC
U02651,2022-01-15,BASIC
U03334,2021-11-27,BASIC
U1973,2022-01-24,BASIC
U04770,2022-02-08,PREMIUM
U07412,2023-07-29,BASIC
U0041,2021-10-13,BASIC
U1771,2023-01-15,PREMIUM
U07188,2021-10-18,BASIC
U06841,2022-04-26,PREMIUM
U03760,2021-01-01,BASIC
U04299,2022-06-24,BASIC
U00480,2022-03-01,PREMIUM
U03495,2022-09-05,PREMIUM
U01916,2023-03-24,BASIC
U00140,2021-09-16,BASIC
U03456,2022-09-12,BASIC
U03381,2022-08-19,PREMIUM
U06987,2022-05-07,BASIC
U02025,2022-07-15,BASIC
U01487,2023-05-05,PREMIUM
U00457,2022-01-21,PREMIUM
U00466,2021-10-01,PREMIUM
U06698,2022-02-14,PREMIUM
U1634,2022-11-04,BASIC
U04690,2021-12-05,BASIC
U05458,2021-01-08,BASIC
U07976,2022-08-07,BASIC
U1080,2022-04-12,PREMIUM
U02873,2021-02-17,BASIC
U02712,2021-08-22,BASIC
U05888,2023-04-14,BASIC
U1419,2022-12-15,BASIC
U00876,2021-01-19,PREMIUM
U04219,2021-06-02,BASIC
U03215,2021-04-28,BASIC
U00247,2021-12-11,BASIC
U1796,2022-05-15,BASIC
U0415,2023-07-18,BASIC
U1691,2022-09-05,BASIC
U02296,2022-09-06,BASIC
U03578,2023-01-19,PREMIUM
U05168,2022-04-26,PREMIUM
U06179,2023-02-11,BASIC
U1507,2023-07-18,BASIC
U03195,2023-03-15,BASIC
U01079,2022-10-12,BASIC
U07368,2021-04-20,BASIC
U1719,2022-09-28,BASIC
U03306,2021-02-14,BASIC
U1666,2021-08-18,PREMIUM
U05608,2023-08-10,BASIC
U02094,2021-04-14,BASIC
U04136,2022-11-25,PREMIUM
U1384,2022-04-12,BASIC
U01778,2023-07-04,BASIC
U07001,2021-05-24,BASIC
U01710,2021-11-10,BASIC
U01782,2021-07-30,PREMIUM
U1814,2021-04-16,BASIC
U07241,2023-06-14,BASIC
U01951,2021-06-14,BASIC
U03787,2021-07-02,PREMIUM
U02872,2021-06-12,BASIC
U02804,2022-06-01,BASIC
U02869,2023-02-11,BASIC
U1897,2022-01-20,BASIC
U05890,2023-06-03,PREMIUM
U05407,2021-01-30,PREMIUM
U03597,2021-11-23,BASIC
U00888,2022-03-31,BASIC
U04456,2021-05-02,PREMIUM
U00544,2023-04-20,PREMIUM
U0514,2023-06-16,BASIC
U04802,2023-07-25,BASIC
U0756,2023-02-18,PREMIUM
U1281,2023-03-05,BASIC
U07731,2021-03-20,BASIC
U07610,2021-05-12,BASIC
U00687,2023-09-12,BASIC
U06932,2022-07-26,BASIC
U01460,2021-04-30,BASIC
U02543,2023-04-30,PREMIUM
U00180,2022-09-27,PREMIUM
U02452,2022-03-17,PREMIUM
U01861,2021-02-18,BASIC
U05625,2021-07-21,BASIC
U05656,2023-02-18,BASIC
U02521,2021-04-19,PREMIUM
U00519,2021-03-31,PREMIUM
U02838,2022-09-12,PREMIUM
U00887,2023-04-02,PREMIUM
U05283,2022-10-16,BASIC
U04257,2022-12-27,BASIC
U02541,2022-11-18,PREMIUM
U03641,2021-01-04,BASIC
U07461,2022-09-13,BASIC
U01483,2023-08-03,BASIC
U0781,2023-01-18,BASIC
U01148,2021-05-10,BASIC
U06264,2023-04-01,BASIC
U01207,2023-03-11,BASIC
U07894,2023-06-24,PREMIUM
U00744,2023-04-04,BASIC
U04078,2021-04-21,BASIC
U02049,2021-02-27,BASIC
U03733,2023-02-24,PREMIUM
U00947,2022-03-03,BASIC
U03792,2022-04-19,PREMIUM
U04796,2023-03-15,PREMIUM
U04545,2022-12-31,BASIC
U1287,2022-06-29,PREMIUM
U01576,2023-07-01,PREMIUM
U05701,2021-12-21,PREMIUM
U00517,2021-06-15,PREMIUM
U01002,2021-08-29,PREMIUM
U03822,2021-06-17,PREMIUM
U06583,2023-09-12,BASIC
U01686,2022-04-28,BASIC
U00997,2023-06-28,BASIC
U02254,2023-08-07,BASIC
U01413,2021-03-06,BASIC
U05964,2023-03-19,BASIC
U04311,2022-02-16,BASIC
U06613,2021-04-02,BASIC
U03014,2021-08-21,BASIC
U05752,2021-10-10,BASIC
U03981,2023-07-07,BASIC
U02050,2023-03-07,BASIC
U02901,2022-12-27,BASIC
U1104,2022-07-02,BASIC
U07774,2021-01-19,BASIC
U07139,2022-07-13,BASIC
U05144,2022-12-15,PREMIUM
U0203,2023-02-01,BASIC
U05467,2023-04-29,PREMIUM
U0660,2021-02-27,BASIC
U00848,2021-03-10,PREMIUM
U06209,2023-07-13,BASIC
U1927,2022-02-26,BASIC
U02438,2021-08-02,PREMIUM
U07449,2021-10-06,BASIC
U05236,2021-08-06,BASIC
U03400,2021-10-21,BASIC
U0119,2023-04-02,BASIC
U1185,2023-08-10,BASIC
U06972,2023-09-06,BASIC
U03132,2021-01-13,BASIC
U0024,2023-08-09,BASIC
U06318,2021-12-24,BASIC
U00709,2022-01-30,PREMIUM
U1390,2021-11-05,BASIC
U07279,2021-07-08,BASIC
U00379,2022-12-08,BASIC
U03142,2022-08-29,BASIC
U04149,2023-01-12,BASIC
U06243,2022-03-19,BASIC
U01950,2021-11-09,PREMIUM
U01935,2022-11-03,BASIC
U02799,2021-06-14,BASIC
U02374,2021-10-31,BASIC
U07864,2023-02-01,BASIC
U06244,2021-02-21,BASIC
U01450,2023-07-14,BASIC
U00945,2021-12-30,BASIC
U00467,2023-09-17,BASIC
U06584,2021-11-02,PREMIUM
U03508,2022-07-21,BASIC
U00700,2022-03-25,BASIC
U00449,2022-06-05,BASIC
U0027,2021-05-11,BASIC
U00750,2021-09-08,BASIC
U03401,2022-07-28,BASIC
U06080,2023-03-11,BASIC
U04873,2021-02-19,BASIC
U02710,2022-03-24,PREMIUM
U07478,2023-07-14,BASIC
U0405,2023-06-10,PREMIUM
U05479,2023-04-02,BASIC
U00275,2022-08-12,BASIC
U0074,2021-02-11,BASIC
U1956,2023-08-26,BASIC
U05936,2021-10-23,BASIC
U05409,2023-09-15,PREMIUM
U00408,2023-03-03,PREMIUM
U1102,2021-04-21,PREMIUM
U1370,2023-04-03,BASIC
U03711,2021-08-01,BASIC
U02977,2021-12-24,BASIC
U05302,2021-01-05,PREMIUM
U06150,2023-08-21,BASIC
U00835,2023-09-14,BASIC
U01133,2022-03-04,BASIC
U0584,2023-04-03,PREMIUM
U06652,2023-04-11,BASIC
U04776,2021-02-12,BASIC
U04758,2022-10-17,BASIC
U1635,2021-04-06,BASIC
U00703,2023-08-10,BASIC
U00201,2021-11-24,BASIC
U04198,2021-10-30,BASIC
U06826,2021-12-11,PREMIUM
U0412,2021-03-19,PREMIUM
U03770,2022-11-12,PREMIUM
U07949,2021-02-26,PREMIUM
U07021,2023-07-10,BASIC
U1908,2022-01-11,BASIC
U0532,2022-10-08,BASIC
U01151,2023-02-09,BASIC
U1720,2022-05-03,BASIC
U07336,2021-03-24,BASIC
U05568,2021-10-14,BASIC
U02584,2023-02-10,BASIC
U03713,2022-10-23,BASIC
U01286,2021-06-13,PREMIUM
U05587,2021-11-09,BASIC
U07648,2022-11-27,BASIC
U1022,2021-01-11,BASIC
U07687,2021-08-21,PREMIUM
U1485,2022-04-18,BASIC
U00476,2021-10-28,BASIC
U06015,2022-06-11,BASIC
U04477,2023-07-21,BASIC
U04451,2022-10-06,BASIC
U1783,2022-01-12,BASIC
U00627,2022-01-17,PREMIUM
U07788,2022-01-22,BASIC
U05200,2022-09-06,BASIC
U05694,2021-11-10,PREMIUM
U00999,2022-08-06,BASIC
U04442,2023-05-01,BASIC
U02564,2021-02-10,BASIC
U06616,2021-06-04,BASIC
U1058,2021-08-19,BASIC
U0283,2022-11-20,BASIC
U01096,2022-09-29,PREMIUM
U04184,2021-05-01,BASIC
U02962,2021-12-24,BASIC
U06494,2021-07-04,PREMIUM
U0607,2021-12-01,BASIC
U04083,2023-01-07,BASIC
U07527,2021-02-01,BASIC
U03192,2022-12-29,BASIC
U02183,2022-12-29,BASIC
U02469,2021-10-29,BASIC
U0620,2023-08-25,PREMIUM
U04719,2023-02-19,PREMIUM
U01800,2021-04-23,BASIC
U01055,2022-11-07,BASIC
U00869,2021-11-20,BASIC
U0028,2022-07-28,PREMIUM
U05985,2022-04-19,BASIC
U07348,2021-07-31,PREMIUM
U07421,2022-08-13,BASIC
U02078,2022-08-09,BASIC
U0310,2022-08-01,PREMIUM
U01557,2021-06-18,BASIC
U05938,2021-06-20,BASIC
U06423,2022-01-25,BASIC
U0565,2023-05-20,BASIC
U01775,2021-06-08,BASIC
U02134,2021-01-16,PREMIUM
U00337,2023-02-02,BASIC
U04494,2022-12-05,PREMIUM
U1561,2021-06-06,BASIC
U0058,2022-02-13,PREMIUM
U04090,2021-07-22,BASIC
U04468,2021-12-14,PREMIUM
U03678,2023-03-26,BASIC
U00772,2021-07-25,PREMIUM
U0202,2022-06-05,PREMIUM
U05376,2023-08-21,BASIC
U00116,2023-04-25,PREMIUM
U02536,2021-12-09,PREMIUM
U00533,2023-06-21,BASIC
U06527,2021-05-03,BASIC
U01472,2023-08-14,PREMIUM
U0433,2023-06-04,PREMIUM
U1101,2021-01-29,PREMIUM
U01084,2022-03-17,BASIC
U06026,2023-04-26,BASIC
U05567,2021-07-13,PREMIUM
U03531,2022-11-03,BASIC
U05856,2023-07-05,PREMIUM
U02934,2021-01-25,PREMIUM
U03161,2022-10-20,BASIC
U07717,2022-12-29,BASIC
U01848,2023-05-27,PREMIUM
U04485,2023-04-10,BASIC
U0945,2023-01-31,BASIC
U01036,2022-11-13,BASIC
U1778,2021-12-04,BASIC
U01353,2021-04-09,PREMIUM
U00866,2021-06-08,PREMIUM
U00169,2023-06-12,PREMIUM
U04956,2021-08-14,BASIC
U04211,2022-06-19,BASIC
U00779,2021-09-08,BASIC
U0121,2021-10-22,BASIC
U03659,2022-05-24,BASIC
U07659,2023-06-04,PREMIUM
U01029,2022-06-05,PREMIUM
U04119,2022-08-26,BASIC
U00485,2021-03-29,BASIC
U00884,2021-11-27,PREMIUM
U03563,2023-05-27,PREMIUM
U1299,2021-07-09,BASIC
U04483,2022-01-03,BASIC
U0651,2022-06-13,BASIC
U0755,2022-01-21,BASIC
U06666,2023-01-20,BASIC
U04223,2022-06-28,PREMIUM
U1652,2023-03-25,BASIC
U07393,2022-06-12,PREMIUM
U04352,2021-11-21,BASIC
U01784,2022-10-26,BASIC
U02376,2023-05-19,PREMIUM
U0269,2022-07-31,PREMIUM
U0281,2023-08-20,BASIC
U00956,2023-03-04,PREMIUM
U05539,2021-12-29,PREMIUM
U04340,2022-03-09,BASIC
U06924,2021-03-15,BASIC
U05065,2021-12-11,PREMIUM
U05164,2021-09-22,BASIC
U05373,2023-05-22,BASIC
U04830,2021-03-29,BASIC
U01617,2022-06-14,BASIC
U02658,2023-07-22,BASIC
U04977,2022-01-28,BASIC
U02352,2022-08-21,BASIC
U0932,2023-04-22,BASIC
U04480,2021-09-07,BASIC
U07131,2021-09-28,BASIC
U06206,2023-07-08,BASIC
U07205,2023-05-12,PREMIUM
U1660,2021-02-12,BASIC
U07114,2021-11-13,BASIC
U1421,2022-09-23,BASIC
U07787,2021-07-11,BASIC
U04850,2021-10-03,BASIC
U03135,2022-06-20,BASIC
U0952,2022-02-01,PREMIUM
U01465,2022-07-26,BASIC
U02396,2022-03-14,BASIC
U02570,2021-07-21,BASIC
U06805,2021-08-13,BASIC
U06491,2022-03-02,BASIC
U05703,2021-02-17,BASIC
U1842,2023-04-19,BASIC
U07769,2021-02-20,BASIC
U04840,2023-01-21,BASIC
U1341,2023-02-18,BASIC
U1884,2021-05-04,BASIC
U03398,2022-03-29,PREMIUM
U03992,2023-01-15,BASIC
U01174,2022-09-25,BASIC
U0238,2021-12-12,BASIC
U06307,2023-08-21,BASIC
U00212,2023-03-07,BASIC
U02273,2022-03-19,BASIC
U04742,2023-07-29,PREMIUM
U0637,2021-12-14,BASIC
U03952,2021-07-27,BASIC
U03739,2022-09-27,BASIC
U05923,2022-07-13,BASIC
U00350,2023-08-05,PREMIUM
U00038,2021-01-16,PREMIUM
U05486,2022-11-06,BASIC
U04008,2022-10-24,BASIC
U02555,2022-02-16,BASIC
U06074,2021-12-03,BASIC
U1496,2023-09-01,PREMIUM
U01290,2021-04-20,PREMIUM
U01066,2022-11-04,BASIC
U07438,2021-05-09,PREMIUM
U0019,2023-03-09,PREMIUM
U04834,2023-07-20,BASIC
U1050,2022-02-19,BASIC
U06751,2022-04-11,BASIC
U0653,2022-01-29,BASIC
U02835,2021-05-27,PREMIUM
U01896,2022-02-18,BASIC
U04325,2021-06-24,BASIC
U07214,2022-06-12,BASIC
U05021,2021-03-13,BASIC
U0556,2021-03-19,PREMIUM
U0543,2022-09-29,BASIC
U01186,2021-08-25,BASIC
U1937,2022-12-07,PREMIUM
U02346,2023-09-15,BASIC
U01023,2021-04-28,BASIC
U00305,2022-07-26,BASIC
U04273,2022-09-08,PREMIUM
U06282,2022-09-26,BASIC
U04643,2022-04-25,PREMIUM
U04957,2023-02-16,BASIC
U00111,2021-11-15,BASIC
U03353,2021-09-24,BASIC
U07685,2021-12-02,BASIC
U06345,2023-09-14,BASIC
U02551,2022-08-17,BASIC
U1203,2022-05-27,PREMIUM
U03947,2022-01-22,PREMIUM
U1452,2023-03-25,BASIC
U05795,2023-03-08,BASIC
U03214,2021-02-18,BASIC
U01210,2022-04-05,BASIC
U05084,2022-05-15,PREMIUM
U00057,2023-06-10,PREMIUM
U1702,2023-04-11,PREMIUM
U02781,2022-04-28,BASIC
U05477,2022-03-21,BASIC
U05878,2022-01-19,PREMIUM
U04751,2023-07-07,PREMIUM
U06557,2021-11-29,PREMIUM
U06124,2023-03-01,PREMIUM
U04992,2022-03-20,BASIC
U06268,2021-09-26,BASIC
U06541,2021-12-15,PREMIUM
U01394,2023-01-11,PREMIUM
U04327,2023-07-14,PREMIUM
U01530,2021-12-16,BASIC
U02606,2023-09-13,BASIC
U05025,2021-07-06,BASIC
U04323,2021-11-26,PREMIUM
U0697,2022-12-30,PREMIUM
U0160,2021-06-17,BASIC
U0895,2023-03-27,PREMIUM
U06784,2021-01-28,BASIC
U01013,2022-01-20,BASIC
U06860,2022-07-05,BASIC
U05154,2021-11-04,BASIC
U06568,2021-08-14,BASIC
U01499,2021-07-19,BASIC
U01891,2022-12-26,BASIC
U02486,2023-04-02,PREMIUM
U02013,2021-03-27,PREMIUM
U00621,2021-01-24,BASIC
U04672,2023-07-09,BASIC
U04514,2023-03-15,BASIC
U01469,2021-01-10,PREMIUM
U0939,2023-06-18,PREMIUM
U06607,2023-03-07,BASIC
U00071,2022-01-12,BASIC
U00984,2021-01-02,BASIC
U03916,2022-02-08,BASIC
U07172,2022-01-27,PREMIUM
U0002,2021-11-16,BASIC
U06992,2023-08-03,BASIC
U06431,2023-07-03,BASIC
U0836,2023-04-16,BASIC
U00613,2023-06-22,BASIC
U07496,2021-02-12,BASIC
U01670,2021-10-08,BASIC
U00223,2022-11-29,PREMIUM
U0599,2022-02-05,BASIC
U0544,2023-08-16,BASIC
U07915,2021-09-23,BASIC
U01537,2023-09-19,BASIC
U05738,2022-03-07,BASIC
U01247,2022-05-05,BASIC
U02742,2023-07-02,BASIC
U07070,2022-12-09,PREMIUM
U02101,2022-01-21,BASIC
U02102,2023-02-14,BASIC
U04961,2022-11-19,BASIC
U1225,2021-05-07,BASIC
U02290,2023-05-31,BASIC
U06572,2021-04-23,BASIC
U07714,2023-07-18,PREMIUM
U1105,2021-08-06,BASIC
U07537,2022-03-18,BASIC
U01855,2023-07-11,BASIC
U0779,2023-05-04,BASIC
U04367,2021-09-08,BASIC
U0285,2021-06-04,BASIC
U01208,2021-06-10,PREMIUM
U06086,2022-05-10,BASIC
U1746,2023-01-02,BASIC
U04045,2021-02-23,BASIC
U04881,2021-03-25,PREMIUM
U04777,2021-07-26,BASIC
U01297,2022-04-28,PREMIUM
U06703,2021-06-17,PREMIUM
U01431,2022-12-04,PREMIUM
U06872,2021-01-15,BASIC
U04964,2023-08-30,BASIC
U00090,2022-10-27,BASIC
U06501,2022-11-10,PREMIUM
U04164,2022-11-29,BASIC
U01212,2022-05-15,BASIC
U07202,2022-08-20,PREMIUM
U04607,2022-06-01,BASIC
U0304,2021-09-06,PREMIUM
U03730,2021-01-10,BASIC
U05831,2023-04-10,BASIC
U1711,2023-09-24,BASIC
U0997,2021-08-02,BASIC
U02476,2023-05-15,BASIC
U07876,2023-05-24,BASIC
U00124,2022-10-22,PREMIUM
U02984,2023-01-16,BASIC
U06975,2023-08-14,PREMIUM
U03702,2022-05-11,PREMIUM
U0197,2021-11-01,BASIC
U04103,2022-10-12,PREMIUM
U02691,2023-04-13,BASIC
U0569,2021-04-14,BASIC
U02687,2022-09-20,BASIC
U06778,2022-10-22,PREMIUM
U07167,2022-12-05,BASIC
U03982,2023-04-15,BASIC
U07944,2023-03-05,BASIC
U00193,2021-09-18,BASIC
U1957,2021-10-04,BASIC
U03046,2023-04-27,PREMIUM
U0459,2022-11-03,BASIC
U02256,2022-10-16,PREMIUM
U04374,2023-03-05,PREMIUM
U1630,2021-10-10,BASIC
U02344,2022-12-09,BASIC
U00032,2021-12-15,BASIC
U01062,2022-07-15,BASIC
U0245,2022-04-30,BASIC
U00407,2023-03-04,PREMIUM
U03008,2023-01-03,BASIC
U04159,2023-05-16,PREMIUM
U05377,2022-07-06,BASIC
U02508,2023-06-26,BASIC
U03216,2021-02-23,BASIC
U04031,2022-02-24,BASIC
U0380,2021-09-13,PREMIUM
U03449,2021-11-07,PREMIUM
U02608,2021-08-01,BASIC
U04916,2021-06-15,BASIC
U0730,2023-06-25,BASIC
U01584,2021-09-30,BASIC
U01655,2022-11-14,PREMIUM
U05922,2021-11-17,PREMIUM
U07501,2021-09-27,PREMIUM
U00734,2021-04-17,BASIC
U02789,2021-09-30,BASIC
U00756,2023-08-27,PREMIUM
U00339,2023-08-06,BASIC
U01645,2022-03-12,BASIC
U05739,2021-08-27,BASIC
U03518,2023-05-26,BASIC
U03248,2022-01-13,BASIC
U1520,2021-10-28,BASIC
U02449,2022-01-15,PREMIUM
U03073,2023-05-11,BASIC
U02883,2023-05-14,BASIC
U07512,2023-07-06,BASIC
U01004,2022-03-21,PREMIUM
U00227,2023-05-16,BASIC
U07058,2021-04-22,PREMIUM
U02828,2021-01-20,BASIC
U05623,2022-04-02,BASIC
U07691,2021-03-31,BASIC
U03502,2023-09-08,PREMIUM
U07702,2021-03-09,PREMIUM
U06480,2022-12-23,BASIC
U03504,2021-06-19,BASIC
U1651,2022-11-23,BASIC
U07085,2021-03-28,BASIC
U00290,2022-12-01,BASIC
U00185,2023-07-10,BASIC
U00864,2023-01-27,PREMIUM
U04863,2022-05-09,PREMIUM
U00364,2021-02-08,BASIC
U06465,2021-05-15,PREMIUM
U04334,2023-07-19,PREMIUM
U02066,2022-03-12,BASIC
U07548,2023-03-01,BASIC
U0421,2022-05-28,BASIC
U01283,2021-09-10,PREMIUM
U03228,2023-02-09,PREMIUM
U01399,2022-01-21,BASIC
U01067,2022-09-23,BASIC
U1103,2023-02-19,BASIC
U05080,2023-07-27,PREMIUM
U03281,2023-08-12,BASIC
U02151,2023-03-06,BASIC
U0951,2022-10-25,BASIC
U02250,2022-06-17,PREMIUM
U02112,2023-07-18,BASIC
U1216,2021-02-18,BASIC
U00934,2021-10-20,BASIC
U02625,2022-03-05,BASIC
U01815,2021-06-10,BASIC
U04310,2022-01-17,BASIC
U02343,2021-02-10,PREMIUM
U03302,2023-09-10,BASIC
U04806,2021-01-08,BASIC
U01284,2023-04-02,BASIC
U00576,2021-10-28,BASIC
U05963,2021-10-25,BASIC
U05881,2023-05-03,BASIC
U1436,2023-01-03,BASIC
U04488,2021-11-10,PREMIUM
U05601,2021-06-20,BASIC
U00542,2022-12-17,PREMIUM
U03748,2023-03-15,BASIC
U06528,2023-05-29,BASIC
U07568,2022-10-19,BASIC
U01744,2023-05-21,BASIC
U05500,2022-06-16,BASIC
U01526,2022-05-06,BASIC
U0155,2022-10-24,BASIC
U0140,2022-12-14,BASIC
U04573,2022-09-14,BASIC
U07020,2022-07-02,BASIC
U00014,2023-09-22,PREMIUM
U03407,2021-10-29,BASIC
U0540,2022-03-13,BASIC
U01747,2021-02-07,PREMIUM
U0469,2022-10-18,BASIC
U1460,2023-07-19,BASIC
U1252,2023-08-11,PREMIUM
U03619,2023-07-13,PREMIUM
U04250,2021-03-17,BASIC
U02420,2023-02-11,BASIC
U0740,2021-12-31,BASIC
U1114,2021-08-14,BASIC
U05261,2021-07-29,PREMIUM
U04858,2021-03-05,PREMIUM
U1664,2023-02-15,BASIC
U1034,2023-01-05,BASIC
U01134,2022-06-23,PREMIUM
U06038,2022-11-16,BASIC
U06852,2022-10-08,BASIC
U1828,2022-03-26,BASIC
U04110,2021-11-15,BASIC
U0026,2023-08-28,BASIC
U04976,2021-02-01,PREMIUM
U04275,2022-03-26,BASIC
U04753,2023-04-13,PREMIUM
U01511,2021-05-28,BASIC
U01535,2022-07-04,PREMIUM
U00515,2021-04-13,BASIC
U03438,2023-04-12,BASIC
U01627,2022-10-25,BASIC
U0710,2021-06-21,BASIC
U04757,2021-07-12,BASIC
U04761,2022-02-10,PREMIUM
U05993,2021-07-20,PREMIUM
U1610,2023-02-19,BASIC
U01962,2023-07-04,BASIC
U06834,2022-06-12,PREMIUM
U03472,2021-12-28,BASIC
U1293,2023-03-06,BASIC
U1192,2021-04-29,BASIC
U07510,2022-11-01,BASIC
U03625,2021-09-28,BASIC
U1301,2022-04-18,BASIC
U04242,2021-02-08,PREMIUM
U06942,2023-09-13,BASIC
U07934,2023-08-30,BASIC
U05344,2023-06-03,PREMIUM
U07834,2023-05-21,BASIC
U06468,2023-01-18,PREMIUM
U06758,2021-05-15,BASIC
U05960,2022-01-16,PREMIUM
U0931,2023-08-11,BASIC
U01145,2021-09-16,BASIC
U05432,2022-11-05,BASIC
U1204,2023-03-30,BASIC
U05857,2023-05-05,BASIC
U1677,2021-12-01,BASIC
U01059,2021-08-30,PREMIUM
U07571,2023-04-05,BASIC
U0029,2022-10-08,PREMIUM
U02997,2021-10-17,BASIC
U04684,2022-05-30,PREMIUM
U00074,2023-07-10,PREMIUM
U02795,2023-01-31,BASIC
U04831,2021-09-13,BASIC
U07631,2021-06-03,PREMIUM
U06220,2022-03-15,PREMIUM
U05569,2023-02-10,BASIC
U03924,2022-01-27,PREMIUM
U0644,2022-09-15,BASIC
U0717,2021-06-26,PREMIUM
U01757,2022-05-31,BASIC
U06683,2021-03-17,PREMIUM
U07344,2021-10-13,PREMIUM
U06011,2022-07-23,PREMIUM
U01862,2023-07-06,BASIC
U01150,2021-06-21,BASIC
U00521,2021-05-02,BASIC
U01129,2023-04-08,BASIC
U07086,2022-07-07,BASIC
U03318,2021-07-24,PREMIUM
U1838,2021-08-27,PREMIUM
U07052,2023-05-21,BASIC
U1334,2023-05-08,PREMIUM
U04991,2021-07-30,PREMIUM
U00489,2023-06-08,PREMIUM
U00842,2021-05-27,PREMIUM
U02331,2021-11-16,BASIC
U00932,2023-09-21,BASIC
U04426,2021-04-26,BASIC
U00487,2022-02-05,BASIC
U03749,2021-03-22,PREMIUM
U1161,2022-03-27,BASIC
U02916,2022-11-27,PREMIUM
U04212,2022-10-27,PREMIUM
U07580,2021-09-30,BASIC
U1097,2021-06-09,BASIC
U00277,2022-06-08,BASIC
U00330,2021-11-02,PREMIUM
U02952,2021-04-14,PREMIUM
U01321,2022-06-16,BASIC
U07836,2023-07-27,BASIC
U02609,2022-07-28,BASIC
U1534,2022-02-06,BASIC
U0116,2021-06-07,PREMIUM
U03468,2023-07-19,BASIC
U01331,2021-05-10,PREMIUM
U03830,2022-06-09,PREMIUM
U06609,2021-11-11,BASIC
U0305,2023-06-27,BASIC
U05269,2022-12-21,BASIC
U07146,2022-12-02,PREMIUM
U06182,2021-04-12,PREMIUM
U07940,2021-06-29,BASIC
U0375,2021-08-31,BASIC
U00303,2023-04-11,BASIC
U00041,2021-04-18,BASIC
U05110,2022-05-12,BASIC
U01668,2021-04-18,BASIC
U0031,2022-11-16,PREMIUM
U0688,2021-11-27,BASIC
U06585,2021-01-12,BASIC
U04429,2022-11-16,BASIC
U1330,2022-12-13,BASIC
U1980,2021-07-15,BASIC
U06203,2023-01-22,PREMIUM
U06654,2022-05-10,BASIC
U1049,2023-08-18,BASIC
U02347,2023-02-15,BASIC
U1791,2021-08-15,BASIC
U04293,2022-10-12,PREMIUM
U06283,2022-06-07,PREMIUM
U06724,2021-03-26,BASIC
U04475,2021-02-17,PREMIUM
U0860,2023-05-07,BASIC
U03772,2021-03-14,BASIC
U00556,2021-07-27,BASIC
U05634,2022-10-13,BASIC
U08000,2023-05-12,BASIC
U04622,2022-03-31,PREMIUM
U1363,2022-07-20,BASIC
U05400,2022-07-25,PREMIUM
U04130,2023-05-07,BASIC
U07831,2023-06-02,BASIC
U00682,2022-01-16,BASIC
U02356,2021-09-12,BASIC
U01060,2022-08-04,PREMIUM
U05882,2021-07-08,PREMIUM
U1587,2022-05-16,BASIC
U1010,2021-01-20,BASIC
U01327,2022-11-03,BASIC
U02241,2021-07-10,BASIC
U0682,2023-08-04,BASIC
U02048,2022-11-11,BASIC
U03139,2022-03-28,BASIC
U02231,2023-07-24,PREMIUM
U02193,2023-01-30,BASIC
U07144,2022-05-03,BASIC
U03540,2022-08-29,BASIC
U00694,2023-05-07,BASIC
U03342,2021-03-31,BASIC
U07919,2021-09-05,PREMIUM
U05672,2022-12-15,BASIC
U07175,2022-01-21,BASIC
U1695,2023-08-20,BASIC
U03113,2022-11-22,BASIC
U01991,2022-06-13,PREMIUM
U01457,2021-04-15,BASIC
U00909,2021-09-24,PREMIUM
U04653,2021-09-10,PREMIUM
U06289,2022-05-13,BASIC
U04246,2021-09-18,BASIC
U00699,2021-09-18,BASIC
U02018,2023-08-14,BASIC
U02341,2021-11-30,PREMIUM
U02647,2022-11-03,BASIC
U05741,2021-10-25,BASIC
U05093,2021-09-30,PREMIUM
U02694,2022-09-17,BASIC
U1689,2023-07-01,PREMIUM
U03408,2023-06-28,BASIC
U02590,2022-08-28,PREMIUM
U01127,2023-02-20,PREMIUM
U00159,2023-04-30,BASIC
U03335,2021-05-23,BASIC
U06638,2022-03-05,BASIC
U1038,2023-04-18,BASIC
U02232,2022-03-30,BASIC
U01489,2021-06-22,BASIC
U07055,2021-11-24,PREMIUM
U07770,2023-09-27,BASIC
U01649,2022-04-08,BASIC
U03904,2021-03-25,PREMIUM
U04387,2021-12-02,BASIC
U03640,2022-06-20,BASIC
U04425,2023-01-02,BASIC
U05828,2021-02-03,BASIC
U05745,2023-06-19,PREMIUM
U01014,2021-06-21,BASIC
U05673,2021-03-24,BASIC
U07550,2022-03-23,BASIC
U07979,2022-11-15,BASIC
U01082,2021-03-18,BASIC
U01522,2022-01-26,BASIC
U02980,2023-07-25,BASIC
U05621,2023-06-09,PREMIUM
U02349,2023-05-23,BASIC
U06442,2022-09-22,BASIC
U0272,2021-11-22,BASIC
U05089,2022-04-26,PREMIUM
U06949,2023-02-27,PREMIUM
U03653,2023-05-13,BASIC
U06083,2022-02-05,PREMIUM
U0699,2021-10-07,BASIC
U05430,2022-11-27,PREMIUM
U07581,2021-04-27,BASIC
U07961,2021-09-15,BASIC
U00272,2021-12-22,BASIC
U07768,2022-01-08,PREMIUM
U00957,2023-03-15,BASIC
U01445,2023-01-14,BASIC
U05737,2022-05-06,BASIC
U1742,2022-08-11,PREMIUM
U04500,2021-09-22,PREMIUM
U00993,2021-12-17,BASIC
U05794,2021-10-20,BASIC
U00152,2023-06-09,BASIC
U02024,2023-04-11,PREMIUM
U05616,2021-10-15,BASIC
U04125,2022-12-22,BASIC
U01340,2021-12-11,PREMIUM
U02345,2021-03-09,BASIC
U02465,2022-10-15,BASIC
U00377,2022-04-04,BASIC
U07045,2021-03-19,BASIC
U03572,2023-06-20,PREMIUM
U06600,2022-03-03,BASIC
U06505,2021-06-28,BASIC
U06881,2021-07-28,BASIC
U1402,2021-08-15,BASIC
U0455,2021-12-16,BASIC
U04428,2021-02-18,BASIC
U06912,2021-04-27,BASIC
U00937,2023-01-10,PREMIUM
U04343,2021-11-13,BASIC
U0478,2022-01-14,BASIC
U04308,2021-04-28,BASIC
U01651,2021-03-29,BASIC
U1614,2021-10-02,BASIC
U03173,2021-04-10,BASIC
U05765,2023-02-05,BASIC
U04394,2021-07-18,BASIC
U0381,2021-12-26,BASIC
U04251,2022-04-16,BASIC
U05038,2023-01-08,PREMIUM
U02230,2021-02-16,BASIC
U02976,2021-05-03,BASIC
U04402,2023-02-22,PREMIUM
U01641,2023-02-09,BASIC
U01973,2022-12-09,BASIC
U07595,2023-05-27,BASIC
U01377,2021-05-04,PREMIUM
U00488,2022-08-11,PREMIUM
U04955,2021-07-03,BASIC
U0928,2021-12-12,BASIC
U05445,2023-04-13,BASIC
U03929,2021-01-17,BASIC
U00455,2022-05-16,PREMIUM
U01610,2021-08-10,BASIC
U1112,2022-07-04,BASIC
U02520,2023-08-15,PREMIUM
U01039,2022-12-21,PREMIUM
U07353,2022-07-08,BASIC
U05693,2022-05-09,BASIC
U02117,2023-07-17,BASIC
U1131,2021-06-14,BASIC
U0851,2023-03-04,BASIC
U01354,2021-05-29,BASIC
U06795,2023-06-21,BASIC
U1619,2023-09-05,PREMIUM
U1794,2022-05-07,BASIC
U02328,2022-04-10,PREMIUM
U00129,2021-08-31,PREMIUM
U1581,2021-04-15,BASIC
U06763,2022-10-08,BASIC
U03615,2021-05-27,BASIC
U03582,2022-12-10,PREMIUM
U0825,2022-05-03,PREMIUM
U07543,2021-01-13,BASIC
U04857,2023-02-24,BASIC
U05350,2023-08-06,BASIC
U07046,2023-08-05,BASIC
U00130,2022-05-08,BASIC
U00768,2021-02-28,BASIC
U00110,2022-03-16,PREMIUM
U01618,2021-05-29,PREMIUM
U0312,2021-05-21,PREMIUM
U04915,2023-08-18,PREMIUM
U0659,2022-03-19,BASIC
U05436,2023-05-07,BASIC
U05366,2023-08-22,BASIC
U04236,2021-08-01,PREMIUM
U0750,2022-12-28,BASIC
U04674,2022-03-09,BASIC
U06030,2023-06-29,BASIC
U03493,2021-03-15,BASIC
U0228,2022-05-23,BASIC
U00958,2022-12-16,BASIC
U03157,2022-07-07,PREMIUM
U02818,2021-05-20,PREMIUM
U04203,2021-03-10,BASIC
U04225,2023-05-14,PREMIUM
U06687,2023-08-14,BASIC
U05115,2023-06-06,BASIC
U03276,2023-01-06,PREMIUM
U06537,2022-01-31,BASIC
U01045,2021-02-19,BASIC
U04913,2021-08-11,BASIC
U1288,2023-02-12,BASIC
U05575,2021-06-08,BASIC
U02207,2023-08-11,PREMIUM
U03494,2022-07-02,BASIC
U00691,2023-04-18,BASIC
U02222,2023-06-12,BASIC
U07103,2021-08-12,PREMIUM
U0751,2022-06-03,BASIC
U06138,2022-08-10,PREMIUM
U04439,2023-01-16,BASIC
U07701,2022-03-12,BASIC
U04201,2023-03-14,BASIC
U00796,2023-05-02,PREMIUM
U05627,2021-01-06,PREMIUM
U06476,2022-01-13,PREMIUM
U05891,2021-05-18,PREMIUM
U04609,2021-04-30,PREMIUM
U07196,2021-09-30,BASIC
U06249,2021-09-24,PREMIUM
U1400,2022-02-23,PREMIUM
U0231,2023-07-28,PREMIUM
U05020,2022-07-05,BASIC
U01623,2021-10-29,BASIC
U02850,2021-08-04,PREMIUM
U00293,2021-12-31,BASIC
U00135,2023-04-05,BASIC
U0347,2023-04-14,PREMIUM
U1559,2022-03-28,PREMIUM
U03291,2022-04-29,BASIC
U1516,2022-10-28,BASIC
U02700,2021-12-10,PREMIUM
U03183,2023-09-09,BASIC
U01020,2021-05-21,BASIC
U0175,2023-05-22,BASIC
U1571,2023-01-16,PREMIUM
U1647,2021-04-08,BASIC
U00154,2022-07-27,PREMIUM
U1682,2023-04-29,BASIC
U05848,2022-03-17,BASIC
U02195,2021-07-09,BASIC
U07434,2021-05-30,BASIC
U06900,2021-11-26,BASIC
U0521,2022-05-21,BASIC
U1228,2021-03-06,BASIC
U05724,2021-02-23,BASIC
U06460,2023-06-04,BASIC
U0978,2021-11-12,BASIC
U06721,2021-03-26,BASIC
U04414,2021-07-13,BASIC
U06287,2022-03-05,BASIC
U05855,2022-06-01,BASIC
U0909,2022-12-05,BASIC
U04931,2022-03-29,PREMIUM
U07256,2021-04-15,BASIC
U0657,2021-05-07,BASIC
U0416,2022-04-22,PREMIUM
U04089,2021-10-23,BASIC
U04671,2022-04-07,PREMIUM
U03935,2021-11-14,PREMIUM
U06831,2023-07-08,PREMIUM
U05947,2021-07-01,PREMIUM
U01510,2022-10-07,PREMIUM
U00004,2023-07-24,BASIC
U03868,2023-09-20,BASIC
U0587,2023-05-22,BASIC
U00590,2021-11-03,BASIC
U03907,2022-08-14,BASIC
U07531,2021-10-11,BASIC
U04386,2022-08-21,BASIC
U05826,2023-02-26,PREMIUM
U07781,2023-03-27,BASIC
U02631,2021-01-30,BASIC
U06562,2021-11-30,BASIC
U07293,2021-03-12,BASIC
U04876,2023-06-25,PREMIUM
U04523,2022-03-21,PREMIUM
U06981,2022-01-19,PREMIUM
U04649,2022-11-06,BASIC
U07827,2022-10-19,PREMIUM
U0110,2022-06-09,PREMIUM
U03280,2021-02-24,BASIC
U0640,2021-08-05,PREMIUM
U0611,2021-10-29,PREMIUM
U02870,2023-06-22,BASIC
U05836,2022-11-23,BASIC
U0560,2022-12-11,PREMIUM
U07195,2023-07-28,PREMIUM
U02619,2021-10-04,BASIC
U01130,2022-10-04,BASIC
U07797,2021-04-03,PREMIUM
U01981,2022-07-27,PREMIUM
U07926,2023-03-12,BASIC
U06319,2022-09-10,BASIC
U02395,2021-11-28,PREMIUM
U1286,2022-03-19,BASIC
U02357,2022-11-26,BASIC
U05015,2023-05-08,BASIC
U01887,2022-08-19,BASIC
U03751,2023-06-14,BASIC
U07171,2021-01-14,BASIC
U00409,2022-06-08,PREMIUM
U00015,2022-09-12,PREMIUM
U03155,2023-05-21,BASIC
U06553,2022-07-11,PREMIUM
U02378,2022-11-15,PREMIUM
U06824,2022-05-06,PREMIUM
U02275,2021-12-20,BASIC
U03827,2021-12-02,PREMIUM
U04701,2023-07-28,BASIC
U05245,2023-09-04,BASIC
U0853,2023-03-09,BASIC
U00229,2023-05-09,BASIC
U03758,2023-06-10,PREMIUM
U0709,2022-04-14,BASIC
U02182,2022-12-26,BASIC
U07002,2021-04-21,BASIC
U03440,2021-03-31,BASIC
U05535,2021-11-13,BASIC
U04371,2022-06-25,BASIC
U06418,2022-03-18,PREMIUM
U1820,2021-10-16,BASIC
U0788,2021-12-30,PREMIUM
U00010,2021-09-30,PREMIUM
U1582,2021-11-21,PREMIUM
U00818,2023-03-13,BASIC
U07433,2023-04-18,BASIC
U01776,2021-07-07,BASIC
U04497,2022-07-25,PREMIUM
U06880,2022-01-23,BASIC
U05363,2021-12-30,BASIC
U06368,2023-02-04,BASIC
U05476,2021-03-13,BASIC
U0707,2023-02-22,BASIC
U0387,2021-10-04,PREMIUM
U06252,2021-11-20,BASIC
U04937,2021-08-26,PREMIUM
U0430,2022-01-26,BASIC
U0342,2021-02-01,BASIC
U0187,2021-12-15,BASIC
U04482,2023-05-19,PREMIUM
U02854,2022-12-16,BASIC
U00472,2022-08-30,PREMIUM
U02375,2021-10-03,BASIC
U06526,2023-07-14,BASIC
U0870,2021-02-02,BASIC
U03246,2022-02-13,BASIC
U00121,2023-02-11,BASIC
U1902,2021-04-30,BASIC
U1205,2022-07-23,BASIC
U02226,2022-04-28,PREMIUM
U1706,2023-06-11,BASIC
U00131,2022-01-01,BASIC
U04558,2023-03-17,BASIC
U05000,2023-03-18,BASIC
U1859,2022-03-25,BASIC
U01276,2023-02-27,PREMIUM
U02963,2021-03-16,BASIC
U03365,2022-11-18,PREMIUM
U03818,2023-06-21,BASIC
U1594,2022-04-29,BASIC
U02575,2021-09-23,BASIC
U04139,2023-04-30,PREMIUM
U00390,2023-08-13,BASIC
U07650,2022-10-05,BASIC
U04227,2022-07-02,PREMIUM
U1111,2022-12-28,BASIC
U06911,2023-09-17,BASIC
U1062,2023-06-29,PREMIUM
U05853,2021-02-19,PREMIUM
U0292,2023-09-20,PREMIUM
U1735,2023-01-22,BASIC
U06595,2023-06-08,BASIC
U01335,2021-10-14,PREMIUM
U0768,2022-09-08,BASIC
U03867,2021-05-04,BASIC
U07530,2022-10-29,PREMIUM
U01687,2021-08-12,BASIC
U02277,2022-07-12,BASIC
U02891,2021-01-13,PREMIUM
U03227,2023-03-03,BASIC
U05474,2022-06-10,BASIC
U01607,2023-09-22,PREMIUM
U1317,2022-12-18,BASIC
U02158,2023-07-05,BASIC
U07678,2021-07-19,BASIC
U1100,2022-12-31,BASIC
U05510,2022-06-10,BASIC
U0885,2022-05-18,BASIC
U05690,2022-08-09,BASIC
U02006,2023-04-22,BASIC
U04868,2021-12-30,BASIC
U02511,2022-07-12,BASIC
U01301,2022-10-15,BASIC
U01801,2021-07-02,PREMIUM
U02283,2022-12-03,BASIC
U07053,2021-08-10,BASIC
U04464,2021-03-03,BASIC
U05914,2021-11-02,BASIC
U1371,2022-07-26,BASIC
U0505,2023-02-15,BASIC
U03817,2023-05-01,BASIC
U06201,2023-03-21,BASIC
U01682,2022-05-30,BASIC
U0734,2023-01-09,BASIC
U02198,2022-11-06,PREMIUM
U00652,2021-09-03,PREMIUM
U02524,2021-08-28,PREMIUM
U07521,2023-03-30,PREMIUM
U01120,2022-10-10,BASIC
U01730,2021-05-12,BASIC
U01888,2022-10-26,PREMIUM
U05109,2021-08-17,BASIC
U06070,2022-12-19,BASIC
U05327,2022-01-03,BASIC
U06485,2023-09-11,BASIC
U06769,2023-03-10,PREMIUM
U04502,2021-08-08,BASIC
U06428,2022-08-21,BASIC
U05965,2023-01-07,BASIC
U0686,2023-02-26,BASIC
U07251,2021-02-28,PREMIUM
U06921,2022-10-15,PREMIUM
U04816,2021-05-24,PREMIUM
U03413,2022-06-02,PREMIUM
U06749,2023-03-24,BASIC
U03524,2022-03-14,BASIC
U0780,2021-05-25,BASIC
U05336,2023-09-12,BASIC
U0541,2021-05-13,BASIC
U01741,2022-04-14,BASIC
U01524,2022-06-24,BASIC
U0820,2021-08-06,PREMIUM
U00117,2021-08-14,BASIC
U1996,2023-09-06,BASIC
U0633,2021-06-17,BASIC
U05231,2021-10-20,BASIC
U07145,2021-12-18,BASIC
U0848,2023-01-21,BASIC
U01183,2022-05-30,BASIC
U07853,2022-01-27,PREMIUM
U0918,2021-04-27,BASIC
U03965,2022-05-10,BASIC
U1300,2021-12-13,BASIC
U03922,2021-12-27,BASIC
U07593,2021-06-01,PREMIUM
U01893,2022-02-12,BASIC
U00085,2022-11-01,BASIC
U02576,2023-06-29,BASIC
U03596,2021-10-30,PREMIUM
U03123,2022-12-30,BASIC
U02589,2022-05-29,BASIC
U02904,2022-07-20,BASIC
U06254,2023-06-27,BASIC
U03918,2023-03-03,BASIC
U03131,2021-08-23,PREMIUM
U06336,2021-06-18,BASIC
U0102,2022-10-03,PREMIUM
U06332,2022-06-03,BASIC
U03709,2022-05-19,BASIC
U03386,2022-07-20,BASIC
U04338,2021-07-24,BASIC
U00056,2023-01-09,BASIC
U05614,2023-07-08,BASIC
U07211,2021-03-10,PREMIUM
U01965,2023-05-03,PREMIUM
U0134,2023-02-24,BASIC
U01430,2022-01-30,PREMIUM
U02603,2021-11-07,BASIC
U01723,2023-01-25,PREMIUM
U00391,2021-03-25,BASIC
U0069,2021-11-18,PREMIUM
U1537,2023-03-14,PREMIUM
U05226,2023-09-25,PREMIUM
U05427,2023-01-05,BASIC
U02338,2023-04-01,BASIC
U03595,2021-07-18,BASIC
U02413,2022-10-31,BASIC
U03860,2023-02-23,PREMIUM
U07345,2023-09-16,BASIC
U01993,2023-08-24,BASIC
U04081,2021-02-16,PREMIUM
U1018,2023-03-16,BASIC
U02684,2022-01-27,BASIC
U05559,2023-07-01,BASIC
U01774,2023-07-04,BASIC
U06781,2022-09-21,BASIC
U01459,2021-01-17,PREMIUM
U06385,2021-12-21,BASIC
U0221,2021-04-23,BASIC
U1490,2023-09-03,BASIC
U07874,2023-03-15,BASIC
U1482,2022-11-07,PREMIUM
U05919,2023-08-29,BASIC
U02243,2022-05-31,PREMIUM
U03630,2022-01-02,BASIC
U02659,2021-01-07,BASIC
U02240,2022-10-02,BASIC
U01462,2022-03-01,BASIC
U05383,2022-05-18,BASIC
U03551,2021-04-26,BASIC
U05077,2022-06-09,BASIC
U03840,2022-04-03,PREMIUM
U06093,2023-05-05,PREMIUM
U03476,2023-09-23,BASIC
U01616,2023-08-01,PREMIUM
U05503,2022-07-25,PREMIUM
U05055,2022-11-30,BASIC
U05369,2022-10-23,BASIC
U06021,2023-05-21,BASIC
U07640,2022-03-26,BASIC
U07057,2023-02-27,PREMIUM
U0749,2021-09-11,PREMIUM
U00321,2023-07-07,PREMIUM
U01544,2021-12-26,BASIC
U01679,2021-05-09,BASIC
U07601,2021-04-11,BASIC
U01093,2023-04-15,PREMIUM
U0615,2021-08-11,BASIC
U06678,2022-10-25,BASIC
U02886,2022-07-29,BASIC
U06081,2022-06-11,PREMIUM
U0674,2022-12-11,BASIC
U1473,2022-08-22,BASIC
U05170,2023-09-01,BASIC
U07900,2022-12-02,PREMIUM
U01540,2021-12-03,BASIC
U06028,2022-10-20,BASIC
U02868,2023-01-21,PREMIUM
U02176,2022-01-30,BASIC
U06090,2021-04-19,BASIC
U02379,2023-07-18,BASIC
U04213,2021-10-04,BASIC
U02768,2023-07-31,BASIC
U0955,2022-12-21,BASIC
U0953,2023-06-27,BASIC
U04128,2022-01-25,BASIC
U03212,2022-06-09,BASIC
U0335,2021-03-19,BASIC
U00427,2021-07-18,BASIC
U06843,2023-04-28,BASIC
U01835,2022-05-15,BASIC
U02720,2022-06-26,BASIC
U05187,2021-09-30,BASIC
U0362,2023-04-20,PREMIUM
U05201,2023-07-22,BASIC
U0622,2023-08-09,BASIC
U1020,2021-02-03,BASIC
U01966,2022-01-19,PREMIUM
U04369,2022-01-22,PREMIUM
U06748,2023-05-09,BASIC
U0191,2021-12-25,BASIC
U07228,2023-04-12,PREMIUM
U0385,2023-09-08,PREMIUM
U00837,2021-12-11,BASIC
U03377,2023-03-05,BASIC
U0413,2021-04-06,PREMIUM
U1830,2021-04-26,BASIC
U04085,2021-03-10,BASIC
U06958,2023-05-21,BASIC
U0084,2022-03-29,BASIC
U07800,2021-06-03,BASIC
U06828,2023-01-08,BASIC
U04517,2023-01-27,BASIC
U0783,2021-02-23,BASIC
U05052,2023-06-25,BASIC
U04384,2021-04-03,BASIC
U06167,2021-05-11,BASIC
U03769,2023-02-02,BASIC
U03811,2022-12-02,PREMIUM
U02628,2023-08-07,PREMIUM
U1017,2022-10-19,BASIC
U00096,2022-02-03,PREMIUM
U0090,2021-01-12,PREMIUM
U03643,2021-10-17,BASIC
U1305,2023-03-11,BASIC
U1740,2022-03-01,BASIC
U01112,2022-09-13,PREMIUM
U06954,2021-05-10,BASIC
U05611,2022-09-12,BASIC
U03137,2022-06-07,PREMIUM
U01018,2022-07-13,PREMIUM
U00304,2022-02-16,BASIC
U00006,2022-02-06,BASIC
U02582,2022-07-05,BASIC
U06706,2023-04-25,BASIC
U1025,2021-03-06,BASIC
U03140,2022-03-07,BASIC
U02319,2023-02-26,BASIC
U04560,2021-08-27,BASIC
U02389,2021-03-06,PREMIUM
U00134,2021-08-14,BASIC
U02267,2021-04-25,PREMIUM
U00059,2023-03-25,BASIC
U03388,2023-08-04,BASIC
U0172,2023-08-16,BASIC
U00891,2022-10-17,PREMIUM
U02474,2022-02-08,BASIC
U04066,2021-02-12,BASIC
U05926,2022-09-10,PREMIUM
U05651,2021-07-12,BASIC
U06383,2022-02-17,PREMIUM
U1119,2021-02-05,BASIC
U00760,2021-10-09,BASIC
U06473,2021-12-30,BASIC
U00950,2022-09-11,BASIC
U05118,2022-12-23,BASIC
U04332,2023-01-28,PREMIUM
U0440,2022-08-27,PREMIUM
U02178,2023-08-01,BASIC
U1998,2021-05-27,BASIC
U02986,2022-10-18,BASIC
U04880,2022-04-30,PREMIUM
U05250,2022-05-09,BASIC
U06454,2022-12-03,BASIC
U1322,2022-11-30,PREMIUM
U05610,2022-05-09,PREMIUM
U04829,2021-08-03,BASIC
U01542,2022-10-10,BASIC
U03870,2021-01-12,PREMIUM
U00113,2021-12-10,BASIC
U00693,2023-06-10,PREMIUM
U05155,2022-10-11,BASIC
U01709,2022-08-25,BASIC
U0577,2023-03-06,BASIC
U06513,2022-03-29,PREMIUM
U00809,2021-05-09,BASIC
U03017,2023-02-20,BASIC
U1274,2022-05-13,BASIC
U0596,2023-02-18,PREMIUM
U03175,2023-06-17,BASIC
U02194,2021-08-06,BASIC
U1385,2021-04-12,BASIC
U04903,2021-02-18,PREMIUM
U02825,2022-06-01,BASIC
U0776,2021-12-08,BASIC
U1019,2021-07-01,BASIC
U02696,2022-03-10,BASIC
U00177,2022-09-09,BASIC
U05030,2021-08-08,BASIC
U02882,2023-01-07,BASIC
U00230,2023-08-31,BASIC
U1266,2023-01-29,BASIC
U01128,2022-07-15,BASIC
U01546,2021-11-25,BASIC
U03050,2021-09-17,BASIC
U05478,2022-10-17,BASIC
U1179,2023-07-24,BASIC
U04534,2023-08-13,BASIC
U00274,2022-12-19,PREMIUM
U03547,2022-12-19,BASIC
U1673,2023-02-15,BASIC
U1674,2022-04-13,PREMIUM
U07407,2021-09-30,BASIC
U0250,2022-02-22,BASIC
U1425,2022-10-20,PREMIUM
U01885,2022-07-23,BASIC
U06643,2021-04-28,BASIC
U02466,2022-12-02,BASIC
U03341,2022-07-25,BASIC
U06068,2023-01-13,PREMIUM
U1405,2022-04-21,BASIC
U02067,2023-03-02,BASIC
U07667,2021-07-08,BASIC
U01040,2021-02-18,BASIC
U01322,2022-10-20,PREMIUM
U05145,2021-12-30,BASIC
U04891,2021-12-26,PREMIUM
U03094,2022-07-31,BASIC
U01722,2023-07-01,PREMIUM
U00425,2022-11-17,PREMIUM
U1513,2022-01-29,BASIC
U03273,2021-05-14,BASIC
U00375,2021-03-25,PREMIUM
U02695,2023-05-27,BASIC
U07881,2022-03-14,BASIC
U06372,2023-08-04,BASIC
U05321,2021-05-20,BASIC
U02370,2022-04-14,BASIC
U04787,2021-03-31,BASIC
U05403,2022-03-25,BASIC
U0963,2023-01-22,PREMIUM
U05633,2021-04-16,BASIC
U00233,2021-09-19,PREMIUM
U00166,2023-09-25,BASIC
U03219,2021-02-13,BASIC
U07446,2023-06-21,PREMIUM
U07239,2021-11-23,PREMIUM
U02563,2022-10-17,BASIC
U1359,2021-10-23,BASIC
U1488,2023-08-19,PREMIUM
U05165,2023-03-11,BASIC
U00089,2021-10-20,BASIC
U02669,2021-07-21,BASIC
U02567,2023-08-17,PREMIUM
U05091,2023-06-30,PREMIUM
U04571,2023-07-06,PREMIUM
U02785,2021-05-19,BASIC
U00686,2021-08-19,BASIC
U0258,2023-07-23,PREMIUM
U06548,2021-06-24,BASIC
U03067,2022-12-17,BASIC
U07132,2022-07-16,BASIC
U07357,2021-06-07,BASIC
U02414,2021-06-28,PREMIUM
U05209,2021-08-15,BASIC
U07892,2023-05-05,BASIC
U1446,2021-01-09,BASIC
U04823,2023-08-13,PREMIUM
U01783,2022-02-10,BASIC
U07014,2021-06-22,PREMIUM
U05501,2022-01-25,PREMIUM
U01426,2022-04-10,BASIC
U1319,2022-01-23,PREMIUM
U00965,2023-02-26,BASIC
U03671,2021-03-26,BASIC
U06964,2022-11-29,BASIC
U0449,2023-08-04,BASIC
U06173,2021-07-23,PREMIUM
U02032,2022-01-18,BASIC
U06536,2022-06-02,PREMIUM
U01653,2022-04-06,BASIC
U04741,2021-10-04,BASIC
U01299,2023-06-21,PREMIUM
U02129,2022-10-11,BASIC
U06045,2021-12-22,BASIC
U02769,2022-01-18,PREMIUM
U1340,2021-04-09,BASIC
U01763,2021-12-02,BASIC
U06619,2021-05-17,BASIC
U01568,2023-05-09,BASIC
U00762,2021-01-01,BASIC
U1011,2023-03-15,PREMIUM
U07384,2022-04-22,PREMIUM
U06690,2023-07-04,PREMIUM
U02054,2021-03-07,BASIC
U04132,2022-01-04,BASIC
U01246,2021-09-01,BASIC
U02844,2023-02-01,PREMIUM
U07332,2022-06-20,PREMIUM
U03642,2023-04-15,BASIC
U03782,2022-07-15,BASIC
U06542,2021-05-27,BASIC
U0101,2021-08-24,PREMIUM
U00959,2021-02-20,BASIC
U04754,2021-03-05,PREMIUM
U06659,2022-03-15,BASIC
U05274,2023-07-12,BASIC
U02761,2021-12-20,BASIC
U02864,2021-03-23,BASIC
U05027,2021-07-10,PREMIUM
U05649,2021-10-18,BASIC
U05163,2022-12-21,PREMIUM
U1480,2023-06-17,BASIC
U02903,2023-04-15,PREMIUM
U02377,2023-08-21,BASIC
U04700,2022-07-27,BASIC
U07807,2023-04-20,BASIC
U1591,2023-04-30,BASIC
U07539,2022-10-01,PREMIUM
U05657,2023-08-31,PREMIUM
U03237,2021-04-21,PREMIUM
U03167,2023-06-11,PREMIUM
U0237,2021-12-04,PREMIUM
U00024,2021-07-02,PREMIUM
U07887,2021-11-02,PREMIUM
U00640,2022-05-27,BASIC
U00036,2022-12-23,BASIC
U00566,2022-12-01,BASIC
U06667,2021-01-14,BASIC
U01545,2023-07-10,PREMIUM
U0752,2023-09-10,BASIC
U07716,2022-08-13,BASIC
U04713,2022-12-10,PREMIUM
U00905,2021-10-18,BASIC
U01028,2021-01-26,BASIC
U00512,2021-04-26,BASIC
U02203,2023-08-01,BASIC
U01209,2023-02-23,BASIC
U02491,2022-07-03,BASIC
U00757,2022-05-26,BASIC
U06891,2021-03-20,PREMIUM
U1713,2022-10-05,BASIC
U1259,2021-03-25,BASIC
U07294,2021-09-05,BASIC
U01520,2022-02-03,BASIC
U0626,2023-07-08,PREMIUM
U1922,2021-11-24,BASIC
U01997,2022-07-31,BASIC
U01690,2023-05-16,BASIC
U00266,2021-12-29,PREMIUM
U1995,2022-07-16,BASIC
U00850,2022-08-25,BASIC
U06689,2021-10-16,BASIC
U1256,2023-05-11,BASIC
U07902,2021-03-27,BASIC
U02079,2021-01-08,BASIC
U04837,2023-03-16,BASIC
U04539,2022-10-12,BASIC
U00458,2021-12-10,BASIC
U00753,2023-06-01,BASIC
U00216,2021-04-24,BASIC
U0673,2023-04-03,PREMIUM
U07705,2022-04-04,PREMIUM
U0581,2021-09-27,PREMIUM
U00438,2022-07-12,BASIC
U02279,2021-05-22,BASIC
U07611,2021-12-04,BASIC
U1576,2022-08-18,BASIC
U04222,2023-03-25,BASIC
U02909,2021-10-04,BASIC
U03066,2023-05-23,BASIC
U1432,2022-12-12,BASIC
U0372,2021-04-05,BASIC
U03016,2022-03-13,BASIC
U02537,2022-11-01,BASIC
U04995,2021-08-15,PREMIUM
U07255,2021-04-16,PREMIUM
U0259,2021-06-08,BASIC
U06570,2023-03-01,BASIC
U07316,2023-04-24,BASIC
U06838,2022-10-03,PREMIUM
U06922,2021-09-25,BASIC
U02920,2021-10-30,BASIC
U1963,2022-10-21,BASIC
U03078,2021-10-21,BASIC
U06066,2023-01-25,BASIC
U05570,2023-01-28,PREMIUM
U1869,2021-07-21,BASIC
U1033,2021-01-08,BASIC
U06558,2021-07-14,PREMIUM
U01787,2022-06-26,BASIC
U07632,2021-06-03,PREMIUM
U05175,2021-07-09,BASIC
U02045,2023-02-21,BASIC
U00650,2022-01-06,BASIC
U04002,2021-06-03,PREMIUM
U05929,2022-09-10,PREMIUM
U00828,2021-05-25,BASIC
U02096,2022-07-08,PREMIUM
U05776,2021-03-31,BASIC
U07260,2022-08-05,BASIC
U06115,2022-12-25,BASIC
U02774,2023-04-16,BASIC
U0937,2022-05-12,BASIC
U04111,2022-08-12,PREMIUM
U00301,2021-08-12,BASIC
U05846,2021-08-27,BASIC
U02384,2021-02-04,BASIC
U03427,2023-05-13,BASIC
U04773,2023-07-18,BASIC
U06580,2022-12-13,BASIC
U02293,2023-05-06,BASIC
U1376,2023-03-29,PREMIUM
U0354,2023-01-20,BASIC
U0663,2023-05-30,PREMIUM
U03861,2022-08-18,PREMIUM
U01061,2022-11-18,BASIC
U06589,2022-10-28,PREMIUM
U0207,2023-09-08,BASIC
U06440,2021-08-17,BASIC
U05405,2022-12-01,BASIC
U02641,2021-02-10,BASIC
U02252,2021-11-09,BASIC
U1117,2022-11-19,PREMIUM
U05381,2021-06-29,BASIC
U05307,2021-04-23,BASIC
U03305,2022-04-01,BASIC
U06194,2023-08-07,BASIC
U05449,2022-11-25,BASIC
U00473,2021-06-15,BASIC
U05199,2023-08-04,BASIC
U03314,2021-06-06,BASIC
U07037,2021-04-25,BASIC
U1504,2022-08-04,BASIC
U02004,2021-02-26,BASIC
U03373,2021-06-08,BASIC
U01237,2021-11-07,BASIC
U0313,2022-04-03,BASIC
U01300,2021-01-25,PREMIUM
U05258,2023-03-07,BASIC
U0624,2022-11-15,BASIC
U05288,2022-08-02,BASIC
U06618,2021-04-21,BASIC
U05818,2021-08-12,BASIC
U03845,2022-03-04,BASIC
U00091,2022-03-08,BASIC
U05704,2023-01-08,BASIC
U0656,2023-03-03,BASIC
U03267,2022-11-30,BASIC
U06816,2022-12-03,BASIC
U1557,2022-10-07,PREMIUM
U06457,2023-02-09,BASIC
U03048,2021-01-30,BASIC
U00250,2021-12-22,BASIC
U02983,2021-06-11,BASIC
U1497,2022-03-29,BASIC
U06456,2021-09-28,BASIC
U01372,2022-01-15,BASIC
U00008,2022-05-05,BASIC
U01658,2021-12-19,BASIC
U06329,2021-03-28,PREMIUM
U05523,2021-12-03,PREMIUM
U02003,2021-04-22,BASIC
U04074,2021-02-08,PREMIUM
U06738,2022-08-12,BASIC
U0194,2023-03-09,PREMIUM
U06181,2023-02-26,BASIC
U01292,2023-04-02,BASIC
U1001,2023-04-18,PREMIUM
U1606,2023-03-11,BASIC
U0419,2022-02-24,BASIC
U05225,2021-07-03,BASIC
U02556,2023-07-25,BASIC
U00861,2022-11-19,BASIC
U06822,2022-05-23,BASIC
U01461,2022-01-28,BASIC
U00726,2023-08-30,PREMIUM
U04849,2022-01-01,PREMIUM
U05617,2022-09-10,BASIC
U05549,2022-02-02,PREMIUM
U07176,2021-07-28,BASIC
U04395,2022-12-19,BASIC
U03360,2022-02-16,PREMIUM
U07490,2022-08-06,BASIC
U00970,2022-01-08,BASIC
U1989,2022-04-20,PREMIUM
U00535,2023-02-13,BASIC
U04401,2022-03-05,PREMIUM
U0287,2023-07-14,BASIC
U03366,2022-07-18,BASIC
U0823,2022-03-04,BASIC
U02055,2023-07-10,BASIC
U04260,2021-08-27,BASIC
U07578,2023-04-16,PREMIUM
U07027,2021-10-12,BASIC
U01109,2022-07-08,BASIC
U01603,2022-11-17,PREMIUM
U04075,2022-01-04,PREMIUM
U06128,2022-05-23,BASIC
U00144,2023-02-12,PREMIUM
U04312,2022-10-26,BASIC
U00270,2023-07-16,BASIC
U1670,2021-10-10,PREMIUM
U02885,2021-05-27,PREMIUM
U02468,2021-02-18,BASIC
U07028,2021-05-06,BASIC
U04634,2022-07-04,PREMIUM
U01318,2022-10-15,BASIC
U1525,2021-06-11,BASIC
U00528,2023-05-22,BASIC
U1725,2021-01-14,BASIC
U0192,2023-02-28,BASIC
U1331,2023-08-16,PREMIUM
U1315,2023-02-11,BASIC
U02031,2021-06-03,BASIC
U1826,2022-06-15,BASIC
U00653,2022-09-29,BASIC
U05761,2023-09-27,PREMIUM
U00441,2023-01-04,BASIC
U02926,2021-04-23,BASIC
U0176,2022-08-02,BASIC
U05294,2021-10-09,BASIC
U03037,2022-10-22,BASIC
U00443,2022-03-31,BASIC
U04556,2022-01-19,PREMIUM
U0522,2021-11-27,BASIC
U1785,2021-08-11,PREMIUM
U1458,2022-05-26,BASIC
U0142,2021-03-03,BASIC
U06952,2021-07-28,BASIC
U06406,2021-04-18,PREMIUM
U1141,2021-09-21,BASIC
U01912,2021-07-24,BASIC
U0303,2021-04-13,PREMIUM
U07943,2023-01-16,BASIC
U03841,2021-03-30,BASIC
U06273,2023-08-11,BASIC
U05277,2023-07-01,PREMIUM
U0076,2021-07-15,PREMIUM
U07111,2022-03-23,BASIC
U03612,2023-06-23,BASIC
U0578,2021-01-21,BASIC
U03473,2021-01-08,PREMIUM
U01907,2022-02-04,BASIC
U04533,2021-08-25,BASIC
U1133,2021-06-02,BASIC
U0513,2023-07-21,BASIC
U00086,2021-11-20,PREMIUM
U07559,2021-04-27,PREMIUM
U1357,2022-12-29,BASIC
U02381,2022-03-21,BASIC
U00717,2023-02-17,BASIC
U06925,2022-05-23,BASIC
U05348,2021-09-07,PREMIUM
U03455,2021-09-17,BASIC
U05048,2021-01-06,PREMIUM
U0152,2023-08-05,BASIC
U06700,2022-09-02,PREMIUM
U0226,2021-08-03,BASIC
U01580,2021-08-14,BASIC
U1788,2021-07-11,BASIC
U04586,2023-03-02,PREMIUM
U0708,2021-09-25,PREMIUM
U01016,2022-11-16,BASIC
U06560,2021-01-09,BASIC
U07877,2022-04-05,BASIC
U07584,2021-04-04,BASIC
U06930,2023-01-28,PREMIUM
U07558,2022-03-03,BASIC
U06985,2021-01-15,BASIC
U1312,2021-01-17,PREMIUM
U00998,2021-06-08,BASIC
U03429,2022-05-07,BASIC
U01881,2022-11-17,PREMIUM
U05158,2021-01-01,BASIC
U03083,2023-02-15,BASIC
U07116,2021-04-05,BASIC
U05246,2021-04-15,BASIC
U03402,2022-08-21,PREMIUM
U03397,2022-07-12,BASIC
U07429,2021-05-05,BASIC
U00248,2022-11-24,BASIC
U1885,2021-03-15,PREMIUM
U06396,2023-09-13,BASIC
U07044,2021-07-08,PREMIUM
U1207,2023-08-13,PREMIUM
U01380,2022-11-21,BASIC
U04819,2023-01-17,BASIC
U06133,2022-10-03,BASIC
U07623,2023-09-15,BASIC
U04068,2021-02-10,BASIC
U1805,2021-05-01,PREMIUM
U04936,2021-05-08,BASIC
U03463,2022-09-11,BASIC
U01073,2022-10-17,BASIC
U01046,2022-10-26,BASIC
U01265,2022-06-10,BASIC
U00731,2023-09-07,PREMIUM
U01435,2021-07-02,PREMIUM
U1356,2023-06-02,BASIC
U01274,2022-04-11,PREMIUM
U05003,2021-12-11,PREMIUM
U07728,2023-01-16,BASIC
U1344,2023-09-23,BASIC
U01317,2021-04-02,BASIC
U1121,2023-01-06,BASIC
U0901,2023-05-22,BASIC
U02682,2022-07-30,BASIC
U06815,2021-02-04,BASIC
U07004,2022-11-22,BASIC
U04624,2021-03-18,BASIC
U0190,2022-06-10,BASIC
U1057,2021-08-31,BASIC
U03358,2021-03-09,BASIC
U07220,2022-12-10,PREMIUM
U04324,2023-07-25,BASIC
U02991,2022-04-19,BASIC
U0157,2023-05-23,BASIC
U07518,2022-09-19,BASIC
U06608,2022-10-20,BASIC
U0137,2022-05-18,BASIC
U02354,2022-09-24,BASIC
U06702,2022-04-28,BASIC
U00448,2023-01-10,BASIC
U03323,2021-08-06,BASIC
U06047,2022-12-30,BASIC
U03686,2021-06-18,BASIC
U01534,2021-05-18,BASIC
U06246,2023-08-01,BASIC
U05978,2023-01-24,PREMIUM
U01700,2021-03-07,BASIC
U0941,2023-02-16,BASIC
U1147,2023-08-30,BASIC
U1408,2023-03-15,BASIC
U01080,2023-08-27,PREMIUM
U07108,2022-09-03,BASIC
U07122,2023-04-30,PREMIUM
U07682,2021-05-14,BASIC
U04182,2023-07-23,BASIC
U06331,2022-05-05,PREMIUM
U02286,2022-06-26,PREMIUM
U02009,2023-05-30,PREMIUM
U06715,2022-11-16,PREMIUM
U0538,2021-04-01,BASIC
U06062,2023-08-23,BASIC
U1789,2023-01-13,PREMIUM
U07748,2022-05-27,BASIC
U02012,2022-11-10,BASIC
U07964,2023-07-18,PREMIUM
U00573,2022-06-08,PREMIUM
U01755,2021-04-29,PREMIUM
U07249,2021-10-10,BASIC
U06630,2023-07-11,BASIC
U07370,2021-10-05,PREMIUM
U04161,2022-10-24,BASIC
U02793,2021-04-14,BASIC
U03339,2021-08-21,BASIC
U01026,2021-08-08,BASIC
U00720,2021-12-27,BASIC
U06657,2021-04-21,BASIC
U04918,2023-05-06,BASIC
U01986,2021-02-12,BASIC
U05310,2022-04-05,BASIC
U03955,2023-03-03,BASIC
U01846,2022-12-11,BASIC
U00684,2021-01-14,BASIC
U02026,2023-08-18,BASIC
U06717,2023-04-20,BASIC
U01141,2021-03-08,BASIC
U02239,2023-05-05,PREMIUM
U0037,2022-11-13,BASIC
U04620,2023-02-06,BASIC
U07608,2021-06-06,BASIC
U03270,2023-01-15,PREMIUM
U00545,2022-11-21,PREMIUM
U00872,2021-04-12,BASIC
U1222,2023-09-12,PREMIUM
U0035,2023-03-27,BASIC
U04229,2021-06-26,BASIC
U00060,2021-01-29,PREMIUM
U06495,2021-03-26,BASIC
U04436,2023-08-18,PREMIUM
U01424,2022-11-03,BASIC
U02512,2022-07-11,BASIC
U1059,2021-02-20,BASIC
U0136,2021-08-13,BASIC
U1381,2021-06-10,PREMIUM
U07177,2021-12-23,BASIC
U01471,2023-04-06,PREMIUM
U01052,2023-05-07,BASIC
U1380,2023-09-26,BASIC
U0282,2021-11-25,PREMIUM
U1511,2022-03-29,BASIC
U0241,2022-07-27,BASIC
U00415,2022-08-07,BASIC
U03581,2022-08-03,BASIC
U03995,2021-02-28,BASIC
U03296,2021-11-03,PREMIUM
U01057,2023-09-20,BASIC
U00832,2023-01-14,PREMIUM
U00972,2022-05-09,PREMIUM
U1801,2023-02-10,BASIC
U02272,2022-02-11,BASIC
U03996,2022-05-23,PREMIUM
U02394,2022-02-28,BASIC
U00065,2023-01-18,PREMIUM
U06303,2022-07-01,BASIC
U07015,2023-08-31,BASIC
U07331,2022-01-04,PREMIUM
U03171,2023-01-11,BASIC
U02431,2023-08-09,BASIC
U0832,2022-09-05,PREMIUM
U01383,2022-09-20,BASIC
U00638,2021-04-27,BASIC
U01330,2021-09-11,BASIC
U04438,2022-09-27,PREMIUM
U03020,2021-02-22,BASIC
U05326,2021-07-02,BASIC
U01797,2023-01-10,PREMIUM
U00665,2021-04-10,BASIC
U06284,2021-12-14,BASIC
U0108,2022-06-02,BASIC
U02150,2022-10-02,PREMIUM
U1560,2023-03-16,PREMIUM
U0210,2021-03-30,BASIC
U07630,2022-12-30,PREMIUM
U01443,2023-02-03,BASIC
U1375,2022-05-20,BASIC
U02599,2021-09-25,BASIC
U06481,2021-07-15,BASIC
U03367,2021-04-12,BASIC
U0827,2023-09-08,PREMIUM
U03517,2022-03-27,BASIC
U06575,2021-01-01,BASIC
U04265,2022-07-12,BASIC
U00882,2023-05-01,BASIC
U0295,2021-07-01,BASIC
U06400,2022-10-06,BASIC
U02171,2022-10-08,BASIC
U03199,2021-11-22,PREMIUM
U06995,2022-09-04,BASIC
U0144,2022-05-08,PREMIUM
U07068,2021-07-19,BASIC
U1106,2022-10-26,PREMIUM
U1316,2022-11-13,PREMIUM
U06001,2021-03-01,BASIC
U02421,2022-02-10,BASIC
U03428,2022-10-30,BASIC
U04691,2022-06-21,BASIC
U05384,2021-07-22,PREMIUM
U1738,2022-01-10,PREMIUM
U00962,2023-02-28,BASIC
U0078,2022-02-05,BASIC
U1836,2022-01-13,BASIC
U00633,2023-08-05,PREMIUM
U03599,2022-07-06,BASIC
U07479,2021-06-03,BASIC
U0374,2021-04-09,BASIC
U01828,2021-03-16,PREMIUM
U1014,2021-02-08,BASIC
U01999,2023-05-03,BASIC
U05120,2023-07-02,BASIC
U01267,2022-02-03,BASIC
U06408,2021-08-10,BASIC
U03011,2023-03-18,PREMIUM
U03738,2021-06-02,BASIC
U03556,2021-03-23,PREMIUM
U1618,2023-05-05,PREMIUM
U03566,2023-05-05,BASIC
U06326,2022-05-21,BASIC
U00625,2023-01-02,BASIC
U06861,2021-10-14,BASIC
U0022,2021-10-07,PREMIUM
U06593,2023-07-26,BASIC
U07715,2023-02-20,BASIC
U04524,2021-09-26,BASIC
U01113,2021-02-05,BASIC
U07472,2023-04-28,PREMIUM
U0460,2023-04-06,BASIC
U01135,2021-06-09,PREMIUM
U06049,2023-07-18,PREMIUM
U04553,2021-11-14,BASIC
U03409,2021-08-11,PREMIUM
U03565,2022-09-20,BASIC
U03330,2023-04-04,BASIC
U04720,2022-07-16,PREMIUM
U03120,2023-07-18,BASIC
U02621,2021-04-17,BASIC
U01691,2022-05-06,BASIC
U05718,2022-07-30,BASIC
U1832,2022-08-11,BASIC
U1184,2023-04-07,BASIC
U00401,2023-07-23,BASIC
U04512,2022-07-30,BASIC
U07358,2021-04-22,BASIC
U02121,2022-09-05,BASIC
U03896,2023-06-10,PREMIUM
U0926,2022-05-21,BASIC
U06425,2021-02-13,BASIC
U05682,2021-10-08,BASIC
U1439,2021-05-17,PREMIUM
U03433,2022-08-03,BASIC
U0983,2021-08-30,PREMIUM
U07545,2022-08-24,BASIC
U00761,2023-03-08,BASIC
U06296,2021-02-23,PREMIUM
U0209,2023-04-11,BASIC
U04668,2022-08-21,PREMIUM
U06016,2022-06-08,BASIC
U0966,2021-02-23,BASIC
U01065,2021-08-14,BASIC
U04489,2022-05-15,PREMIUM
U02707,2021-06-04,BASIC
U07071,2021-02-04,BASIC
U00605,2023-01-25,BASIC
U05740,2021-10-31,BASIC
U0642,2021-12-12,BASIC
U03060,2021-10-17,BASIC
U03755,2023-02-22,PREMIUM
U01550,2023-08-21,BASIC
U1177,2023-04-02,BASIC
U02099,2022-03-30,BASIC
U04463,2023-06-17,BASIC
U03603,2021-05-12,BASIC
U03233,2021-05-18,BASIC
U01779,2023-03-28,BASIC
U00728,2021-11-09,BASIC
U1333,2021-12-15,PREMIUM
U0067,2021-04-28,BASIC
U02037,2022-10-17,PREMIUM
U07644,2021-09-30,BASIC
U1253,2021-09-18,BASIC
U04098,2022-06-12,PREMIUM
U1066,2022-04-02,BASIC
U03794,2021-04-10,BASIC
U02062,2022-07-08,PREMIUM
U07043,2021-06-15,BASIC
U04032,2021-03-14,BASIC
U03900,2022-11-10,BASIC
U07340,2023-08-09,BASIC
U07162,2021-03-23,PREMIUM
U07998,2021-07-29,BASIC
U03153,2022-05-17,BASIC
U0239,2022-04-22,PREMIUM
U0858,2022-09-08,BASIC
U04313,2022-08-07,BASIC
U00685,2022-05-19,PREMIUM
U06968,2023-06-05,PREMIUM
U04183,2023-01-24,BASIC
U1545,2022-01-20,PREMIUM
U03114,2022-02-25,BASIC
U06564,2021-11-23,BASIC
U03370,2022-12-01,BASIC
U00356,2022-03-06,BASIC
U05280,2021-10-14,BASIC
U01604,2021-04-23,PREMIUM
U0736,2023-05-23,BASIC
U04775,2021-02-28,BASIC
U06811,2023-06-03,PREMIUM
U01384,2022-12-04,PREMIUM
U0254,2022-10-18,BASIC
U02235,2021-05-04,BASIC
U01817,2021-07-17,BASIC
U02106,2021-09-16,BASIC
U07927,2022-03-19,BASIC
U0670,2021-11-04,BASIC
U01529,2023-02-12,BASIC
U01497,2021-01-08,BASIC
U0618,2021-08-17,BASIC
U04925,2022-01-10,BASIC
U01883,2021-12-30,BASIC
U06355,2022-10-06,BASIC
U04247,2022-03-02,BASIC
U02940,2023-01-14,BASIC
U04800,2023-08-26,BASIC
U05814,2023-04-11,BASIC
U1847,2021-07-13,BASIC
U04717,2022-07-17,PREMIUM
U1238,2022-03-23,PREMIUM
U00571,2021-01-12,BASIC
U05361,2023-05-25,BASIC
U00168,2021-04-30,BASIC
U06171,2022-04-20,BASIC
U06847,2022-02-06,PREMIUM
U00827,2023-09-05,BASIC
U02089,2023-06-24,BASIC
U04245,2022-09-22,BASIC
U06366,2021-10-18,PREMIUM
U01943,2023-07-06,BASIC
U07181,2021-04-04,BASIC
U06077,2021-11-13,BASIC
U07197,2023-04-28,BASIC
U02130,2022-06-08,BASIC
U1090,2022-11-13,BASIC
U06670,2022-03-04,PREMIUM
U02224,2023-07-19,BASIC
U02836,2022-10-28,BASIC
U00578,2021-05-02,BASIC
U0603,2022-06-03,BASIC
U04975,2023-04-29,BASIC
U03838,2023-06-10,BASIC
U02534,2023-05-09,BASIC
U01211,2022-07-04,PREMIUM
U01857,2021-12-15,BASIC
U00630,2021-06-01,BASIC
U05805,2021-01-21,BASIC
U0804,2022-05-28,BASIC
U06259,2023-07-28,BASIC
U05388,2023-06-09,PREMIUM
U02305,2021-10-02,BASIC
U04752,2023-05-01,PREMIUM
U04557,2021-03-03,PREMIUM
U0223,2022-07-23,BASIC
U00406,2023-04-12,BASIC
U03399,2022-01-25,BASIC
U07958,2021-08-20,BASIC
U00133,2021-04-17,BASIC
U0608,2022-12-28,BASIC
U01092,2022-10-20,BASIC
U02186,2021-05-11,BASIC
U02566,2023-02-09,BASIC
U03032,2021-01-10,PREMIUM
U06050,2023-07-30,BASIC
U0045,2023-07-11,PREMIUM
U1023,2021-01-05,BASIC
U07252,2022-06-28,PREMIUM
U06097,2021-07-25,BASIC
U04431,2023-04-14,BASIC
U07739,2022-08-19,BASIC
U02994,2021-04-21,BASIC
U0480,2021-07-14,PREMIUM
U07005,2022-08-07,BASIC
U0706,2023-04-22,BASIC
U06994,2023-05-20,BASIC
U05861,2021-10-05,BASIC
U07112,2022-01-03,BASIC
U1970,2021-05-14,BASIC
U07261,2021-11-14,PREMIUM
U03519,2022-10-15,PREMIUM
U00607,2022-03-21,BASIC
U04129,2022-09-11,BASIC
U07143,2023-09-11,PREMIUM
U05460,2022-11-18,BASIC
U00179,2021-11-19,BASIC
U05992,2023-05-08,PREMIUM
U00353,2023-09-10,BASIC
U07179,2022-08-24,BASIC
U01504,2022-09-13,BASIC
U00136,2021-08-06,PREMIUM
U0807,2023-07-12,PREMIUM
U00795,2021-10-21,BASIC
U02845,2021-08-16,PREMIUM
U07782,2022-10-09,BASIC
U07936,2021-10-25,BASIC
U02764,2022-07-17,BASIC
U05193,2023-05-03,BASIC
U04043,2022-01-05,PREMIUM
U07638,2022-11-24,BASIC
U01447,2023-01-15,BASIC
U06151,2021-07-12,BASIC
U05767,2021-01-17,PREMIUM
U01622,2023-06-23,BASIC
U1399,2021-08-04,BASIC
U1353,2021-02-20,BASIC
U02266,2021-07-29,PREMIUM
U0972,2023-08-04,PREMIUM
U0613,2023-04-05,BASIC
U04153,2021-09-09,PREMIUM
U07722,2022-10-23,PREMIUM
U03839,2022-07-09,PREMIUM
U03263,2023-03-06,PREMIUM
U03241,2021-07-01,BASIC
U05915,2023-06-27,BASIC
U07164,2023-08-25,BASIC
U1269,2022-03-12,BASIC
U05184,2022-09-07,BASIC
U0506,2022-12-11,BASIC
U07662,2021-02-15,PREMIUM
U04949,2023-09-18,BASIC
U01796,2022-11-16,BASIC
U02574,2023-08-31,BASIC
U02337,2021-07-22,BASIC
U00860,2021-03-30,BASIC
U03696,2021-04-22,BASIC
U01144,2021-02-27,BASIC
U0965,2022-10-16,BASIC
U02535,2021-06-23,BASIC
U07751,2023-02-23,PREMIUM
U03689,2021-12-09,BASIC
U0687,2021-07-10,BASIC
U05838,2022-01-02,BASIC
U07556,2021-04-11,BASIC
U03902,2021-10-16,PREMIUM
U06118,2021-07-20,BASIC
U05364,2021-10-30,PREMIUM
U0356,2023-06-19,PREMIUM
U03384,2022-04-04,PREMIUM
U07743,2023-06-18,PREMIUM
U03426,2022-06-07,BASIC
U06809,2023-08-18,BASIC
U03188,2021-06-22,BASIC
U06411,2021-03-31,PREMIUM
U04191,2022-12-15,PREMIUM
U07704,2023-07-11,BASIC
U06271,2021-04-28,PREMIUM
U03316,2021-08-14,PREMIUM
U07905,2022-01-10,BASIC
U1999,2023-01-04,BASIC
U01355,2021-11-25,BASIC
U06853,2021-01-21,BASIC
U06063,2022-03-28,PREMIUM
U1555,2022-03-11,BASIC
U07244,2021-08-04,BASIC
U0671,2022-04-07,BASIC
U04433,2022-07-11,PREMIUM
U07912,2021-10-21,BASIC
U01440,2022-06-30,BASIC
U1753,2022-09-04,BASIC
U04393,2023-01-15,BASIC
U07067,2021-07-10,BASIC
U07929,2023-08-10,BASIC
U01204,2023-09-05,BASIC
U02805,2022-10-19,BASIC
U05837,2023-08-06,BASIC
U05942,2021-01-12,BASIC
U1198,2022-01-25,PREMIUM
U03764,2022-05-24,BASIC
U07029,2023-07-10,BASIC
U07506,2021-01-10,BASIC
U06239,2022-07-31,BASIC
U1931,2022-05-04,BASIC
U00907,2021-04-12,BASIC
U1394,2022-02-12,BASIC
U01637,2023-05-10,PREMIUM
U1985,2023-04-04,BASIC
U03854,2022-06-03,BASIC
U02228,2021-09-05,BASIC
U03618,2022-07-12,PREMIUM
U00314,2022-04-29,PREMIUM
U00156,2022-05-05,BASIC
U03319,2021-03-20,BASIC
U1000,2021-01-05,PREMIUM
U06632,2022-06-02,PREMIUM
U04034,2021-02-15,PREMIUM
U02417,2022-03-31,BASIC
U06820,2022-03-05,BASIC
U01087,2023-02-09,BASIC
U05800,2023-07-31,PREMIUM
U07155,2022-03-22,BASIC
U06211,2021-01-20,BASIC
U07575,2021-11-14,BASIC
U07536,2022-05-13,BASIC
U0742,2021-01-18,BASIC
U01751,2021-02-26,BASIC
U00323,2023-06-25,BASIC
U02269,2022-10-08,BASIC
U01407,2022-10-12,BASIC
U1819,2021-08-19,BASIC
U05371,2023-01-09,BASIC
U0558,2023-05-02,BASIC
U02419,2022-06-24,BASIC
U03699,2021-07-25,PREMIUM
U1110,2022-05-06,BASIC
U01003,2023-07-27,BASIC
U1296,2022-11-15,BASIC
U04113,2022-11-17,BASIC
U02624,2022-09-03,PREMIUM
U00867,2022-05-04,BASIC
U06546,2021-05-02,BASIC
U02704,2022-07-11,BASIC
U00885,2022-10-03,BASIC
U01033,2022-01-13,BASIC
U06185,2021-06-20,BASIC
U06982,2021-08-04,PREMIUM
U06530,2021-12-05,BASIC
U03683,2022-05-26,BASIC
U05211,2021-05-19,BASIC
U03993,2022-03-19,PREMIUM
U00278,2021-10-22,BASIC
U05134,2022-10-23,PREMIUM
U03707,2022-07-05,BASIC
U06000,2021-02-08,BASIC
U03294,2021-08-16,PREMIUM
U02306,2022-12-14,BASIC
U05447,2021-07-10,BASIC
U0496,2022-10-02,BASIC
U05070,2022-12-26,PREMIUM
U04366,2022-06-21,BASIC
U02217,2023-02-22,BASIC
U1848,2021-07-14,PREMIUM
U00225,2022-07-22,BASIC
U1487,2022-07-10,BASIC
U07246,2021-09-17,BASIC
U01309,2021-03-20,PREMIUM
U00764,2021-02-04,BASIC
U03859,2022-09-18,BASIC
U02740,2022-09-30,PREMIUM
U05094,2023-07-09,PREMIUM
U07634,2021-04-02,BASIC
U01288,2023-02-21,BASIC
U05714,2022-05-18,BASIC
U05870,2022-09-10,BASIC
U04069,2021-06-19,BASIC
U07237,2022-09-01,BASIC
U01579,2023-06-11,BASIC
U0600,2021-07-17,PREMIUM
U05677,2021-02-16,BASIC
U00236,2021-12-02,BASIC
U0193,2022-04-14,PREMIUM
U07756,2021-08-26,BASIC
U04096,2021-06-10,BASIC
U06783,2022-02-05,BASIC
U07403,2022-09-04,PREMIUM
U06373,2023-01-26,BASIC
U03029,2022-06-28,BASIC
U07236,2023-05-28,PREMIUM
U01946,2022-05-07,PREMIUM
U04864,2022-06-07,BASIC
U03352,2021-12-05,BASIC
U07424,2022-08-31,PREMIUM
U00123,2022-08-07,PREMIUM
U02974,2022-07-27,BASIC
U06578,2021-07-27,BASIC
U01786,2021-03-17,BASIC
U04874,2021-12-24,BASIC
U1483,2021-06-22,BASIC
U07396,2021-03-02,BASIC
U05254,2021-12-21,PREMIUM
U06014,2021-10-12,PREMIUM
U03823,2021-12-05,BASIC
U02405,2022-08-28,BASIC
U02865,2022-08-27,BASIC
U06517,2021-02-22,PREMIUM
U03424,2021-11-29,PREMIUM
U05735,2023-08-11,PREMIUM
U1866,2021-01-26,PREMIUM
U01770,2022-06-20,BASIC
U03359,2023-05-13,BASIC
U01854,2021-10-29,BASIC
U0061,2023-03-14,PREMIUM
U01116,2021-12-19,BASIC
U00643,2021-12-01,BASIC
U05641,2023-04-29,BASIC
U05362,2021-04-22,BASIC
U06184,2022-11-16,BASIC
U05612,2021-01-04,BASIC
U00730,2023-06-05,BASIC
U07599,2022-05-11,PREMIUM
U02987,2021-12-24,BASIC
U04848,2023-01-04,PREMIUM
U05700,2021-11-30,BASIC
U02014,2022-08-11,BASIC
U00628,2022-06-16,PREMIUM
U05240,2021-02-27,BASIC
U06257,2023-05-28,BASIC
U07567,2022-09-01,BASIC
U0307,2021-04-09,PREMIUM
U02636,2022-03-27,BASIC
U03249,2021-07-07,BASIC
U03568,2021-11-11,PREMIUM
U03741,2023-05-19,PREMIUM
U03145,2023-05-02,BASIC
U06267,2023-06-08,BASIC
U02461,2023-01-19,BASIC
U1123,2021-01-15,BASIC
U04947,2021-09-04,BASIC
U03742,2021-04-12,BASIC
U03327,2022-01-28,BASIC
U1676,2021-05-23,PREMIUM
U01024,2021-10-04,PREMIUM
U03763,2021-06-16,PREMIUM
U02033,2021-03-09,PREMIUM
U1662,2023-03-17,PREMIUM
U02954,2021-09-22,PREMIUM
U03154,2021-10-31,PREMIUM
U00510,2023-07-18,BASIC
U0068,2021-05-12,BASIC
U00584,2023-06-23,PREMIUM
U1267,2022-05-31,BASIC
U03814,2022-12-29,BASIC
U05351,2023-09-02,BASIC
U03283,2023-01-26,BASIC
U04116,2023-05-20,BASIC
U1336,2021-08-04,PREMIUM
U05437,2022-08-11,BASIC
U00550,2021-04-21,BASIC
U1781,2023-05-19,PREMIUM
U0414,2023-01-20,BASIC
U02373,2021-11-21,BASIC
U02450,2021-12-28,BASIC
U00849,2021-12-27,BASIC
U1806,2023-04-09,PREMIUM
U05497,2023-03-26,PREMIUM
U00701,2022-02-28,BASIC
U07890,2021-01-20,BASIC
U07508,2021-03-31,BASIC
U04397,2021-12-05,BASIC
U00483,2021-08-02,PREMIUM
U03458,2023-03-08,BASIC
U06446,2023-06-24,PREMIUM
U00708,2021-10-14,BASIC
U02663,2023-04-13,BASIC
U0260,2022-04-09,BASIC
U1548,2022-07-19,PREMIUM
U00639,2023-05-16,BASIC
U03024,2022-12-27,BASIC
U00501,2023-07-17,BASIC
U1026,2022-01-09,BASIC
U00863,2022-08-08,BASIC
U01235,2021-07-15,PREMIUM
U0816,2023-03-30,PREMIUM
U02247,2023-03-17,PREMIUM
U04929,2021-04-06,BASIC
U06387,2023-02-02,BASIC
U0186,2023-06-22,PREMIUM
U07829,2023-08-16,PREMIUM
U05150,2022-11-23,BASIC
U05367,2021-04-01,BASIC
U1283,2021-12-16,PREMIUM
U07916,2021-04-30,BASIC
U01037,2022-08-07,PREMIUM
U02430,2021-12-13,BASIC
U02091,2023-06-30,PREMIUM
U1774,2023-09-20,PREMIUM
U02297,2022-12-28,BASIC
U03721,2021-02-01,BASIC
U1284,2021-06-10,PREMIUM
U04901,2021-02-08,BASIC
U02355,2021-05-07,PREMIUM
U00838,2023-03-25,PREMIUM
U00268,2022-11-01,BASIC
U05720,2023-04-24,BASIC
U07525,2022-12-21,BASIC
U06024,2023-06-25,BASIC
U02709,2021-12-29,PREMIUM
U07845,2021-07-16,BASIC
U00902,2021-11-01,BASIC
U07620,2021-03-20,PREMIUM
U00946,2023-06-10,BASIC
U1346,2021-10-23,BASIC
U01187,2021-10-06,BASIC
U06628,2023-09-21,PREMIUM
U07436,2023-05-23,PREMIUM
U05257,2022-11-27,BASIC
U02248,2021-05-23,BASIC
U06617,2022-11-03,BASIC
U03148,2022-10-14,PREMIUM
U06567,2022-09-06,BASIC
U00520,2022-11-17,PREMIUM
U1249,2021-08-15,BASIC
U1174,2021-08-17,BASIC
U02562,2023-01-25,BASIC
U0395,2023-03-03,BASIC
U00451,2023-08-02,PREMIUM
U06857,2023-05-23,PREMIUM
U06110,2023-09-10,BASIC
U0567,2023-06-24,BASIC
U0634,2021-09-07,PREMIUM
U02335,2021-03-30,PREMIUM
U05912,2022-02-14,PREMIUM
U07288,2023-02-01,BASIC
U01920,2022-08-19,BASIC
U00175,2022-09-02,PREMIUM
U01285,2021-10-16,BASIC
U06497,2023-02-02,PREMIUM
U06586,2021-12-11,PREMIUM
U00335,2022-12-17,PREMIUM
U0803,2023-09-20,PREMIUM
U01662,2022-09-22,BASIC
U07077,2022-06-03,BASIC
U0277,2023-01-22,BASIC
U07372,2022-07-22,BASIC
U1853,2022-08-11,PREMIUM
U0770,2023-04-05,BASIC
U02317,2022-09-25,BASIC
U02600,2022-02-23,BASIC
U06624,2022-04-26,BASIC
U06760,2022-03-08,BASIC
U0528,2022-08-24,BASIC
U04996,2021-02-17,PREMIUM
U00581,2023-01-20,PREMIUM
U07405,2022-12-05,PREMIUM
U01271,2023-05-09,PREMIUM
U07555,2022-06-21,PREMIUM
U01840,2023-08-31,BASIC
U0968,2023-04-02,BASIC
U0188,2021-05-25,BASIC
U0592,2023-05-17,PREMIUM
U07914,2022-07-17,PREMIUM
U05097,2023-01-01,BASIC
U00523,2023-09-21,BASIC
U02441,2023-07-02,BASIC
U1623,2021-04-19,BASIC
U03617,2022-09-07,BASIC
U00931,2021-05-13,BASIC
U1373,2022-07-17,BASIC
U02728,2023-05-19,BASIC
U03718,2023-03-10,BASIC
U03467,2022-03-26,BASIC
U0935,2021-02-15,BASIC
U00631,2022-07-16,BASIC
U04515,2022-05-05,BASIC
U05469,2022-08-13,BASIC
U01947,2023-06-07,PREMIUM
U04206,2021-05-20,BASIC
U02264,2023-04-25,BASIC
U1786,2022-02-05,BASIC
U07534,2022-05-09,BASIC
U1874,2021-08-05,BASIC
U04392,2022-09-22,BASIC
U05214,2021-05-29,BASIC
U02923,2022-01-05,PREMIUM
U06103,2021-12-21,PREMIUM
U02794,2021-08-02,BASIC
U06856,2023-05-14,BASIC
U04252,2023-09-03,BASIC
U03938,2021-03-23,BASIC
U1310,2021-05-15,BASIC
U0321,2021-01-15,PREMIUM
U03631,2021-10-07,PREMIUM
U02361,2023-05-31,BASIC
U1844,2023-03-09,PREMIUM
U05759,2023-07-31,BASIC
U05679,2021-09-13,BASIC
U00743,2022-07-10,PREMIUM
U1231,2022-12-15,BASIC
U02077,2021-09-25,PREMIUM
U07142,2023-05-16,BASIC
U04120,2023-01-20,BASIC
U04904,2022-02-24,BASIC
U1158,2022-06-02,PREMIUM
U00923,2022-03-26,BASIC
U0735,2023-04-29,PREMIUM
U06878,2021-05-17,BASIC
U0573,2022-01-02,BASIC
U0089,2022-02-15,BASIC
U06443,2023-05-12,BASIC
U0588,2021-12-06,PREMIUM
U05892,2021-05-10,BASIC
U1865,2023-05-02,BASIC
U03072,2021-08-29,BASIC
U07168,2023-02-04,BASIC
U00210,2022-11-19,PREMIUM
U05995,2023-05-14,BASIC
U07844,2023-04-30,BASIC
U04561,2021-07-14,BASIC
U07923,2022-01-17,PREMIUM
U01155,2021-12-20,PREMIUM
U02443,2023-02-19,PREMIUM
U05507,2022-01-23,PREMIUM
U06959,2023-01-02,PREMIUM
U04217,2021-02-21,PREMIUM
U07600,2022-12-25,BASIC
U00146,2021-02-16,PREMIUM
U05413,2022-08-25,BASIC
U06931,2023-04-04,BASIC
U00376,2021-01-22,BASIC
U00579,2021-05-27,BASIC
U1607,2021-06-26,PREMIUM
U02834,2023-06-02,BASIC
U00300,2021-08-21,PREMIUM
U03035,2022-07-20,BASIC
U0083,2023-04-20,PREMIUM
U06048,2021-04-06,BASIC
U04708,2022-10-13,BASIC
U01351,2021-03-24,BASIC
U00881,2021-10-06,BASIC
U01415,2021-08-01,BASIC
U05770,2022-04-10,BASIC
U02191,2021-10-04,BASIC
U07612,2022-02-08,BASIC
U07736,2021-10-31,PREMIUM
U05253,2021-09-09,PREMIUM
U05615,2021-01-06,BASIC
U04921,2022-04-16,PREMIUM
U07683,2023-07-01,PREMIUM
U07673,2021-09-23,BASIC
U02796,2022-10-26,BASIC
U03656,2023-04-10,PREMIUM
U00497,2022-10-22,PREMIUM
U05306,2022-04-09,PREMIUM
U00374,2023-09-01,PREMIUM
U02093,2021-08-26,BASIC
U07473,2022-08-22,BASIC
U01463,2021-05-09,BASIC
U05008,2023-05-27,BASIC
U03393,2023-01-06,BASIC
U05174,2022-10-29,PREMIUM
U03698,2023-08-05,BASIC
U03666,2022-10-12,BASIC
U02505,2023-02-18,BASIC
U00552,2022-01-18,PREMIUM
U02717,2021-05-05,BASIC
U0146,2023-08-04,BASIC
U01346,2023-07-16,PREMIUM
U1912,2022-05-28,BASIC
U02827,2021-07-03,PREMIUM
U07695,2022-06-22,BASIC
U06865,2021-10-01,BASIC
U06612,2022-03-17,PREMIUM
U03356,2022-04-01,PREMIUM
U03479,2023-04-13,BASIC
U07725,2023-09-23,BASIC
U0217,2021-04-09,BASIC
U02752,2022-11-05,BASIC
U00646,2023-02-13,BASIC
U02164,2022-12-02,PREMIUM
U06650,2022-01-05,PREMIUM
U01167,2021-10-14,PREMIUM
U04499,2021-04-02,BASIC
U03989,2021-12-18,BASIC
U01875,2023-03-03,BASIC
U05753,2022-08-14,PREMIUM
U04525,2021-09-24,PREMIUM
U01420,2022-11-24,BASIC
U07906,2022-03-22,BASIC
U00063,2021-11-14,BASIC
U0648,2021-12-20,BASIC
U02455,2023-01-23,PREMIUM
U00814,2022-06-01,BASIC
U06779,2021-04-11,PREMIUM
U06997,2022-06-26,BASIC
U00551,2021-09-08,PREMIUM
U04071,2021-07-31,BASIC
U01171,2022-09-10,PREMIUM
U05056,2021-03-17,BASIC
U02830,2022-07-12,BASIC
U07572,2021-05-10,BASIC
U0091,2022-06-09,BASIC
U06714,2022-03-20,BASIC
U01663,2021-01-19,PREMIUM
U05924,2023-09-15,BASIC
U0922,2022-05-26,PREMIUM
U02967,2023-06-29,PREMIUM
U0866,2023-07-09,BASIC
U01944,2022-03-02,BASIC
U01712,2021-01-12,BASIC
U07962,2022-06-14,PREMIUM
U1563,2022-08-15,PREMIUM
U04316,2021-05-17,PREMIUM
U1727,2023-09-15,BASIC
U0739,2022-10-10,PREMIUM
U02831,2022-06-08,BASIC
U07618,2021-09-22,BASIC
U01748,2023-07-31,PREMIUM
U03801,2023-05-01,BASIC
U0179,2023-07-18,BASIC
U01695,2023-06-15,BASIC
U02616,2022-05-20,PREMIUM
U05215,2021-04-25,BASIC
U1290,2021-05-30,PREMIUM
U00320,2022-06-08,BASIC
U01100,2022-04-04,BASIC
U02840,2023-03-31,BASIC
U01152,2022-09-06,BASIC
U03610,2021-04-19,BASIC
U02301,2022-09-14,PREMIUM
U02620,2022-03-14,PREMIUM
U02076,2022-05-19,BASIC
U01996,2022-09-02,PREMIUM
U04375,2022-01-15,BASIC
U04169,2021-09-13,BASIC
U1982,2022-04-02,BASIC
U00941,2021-12-09,BASIC
U0793,2021-08-25,BASIC
U01168,2021-10-30,PREMIUM
U0976,2023-09-23,BASIC
U1862,2022-01-27,BASIC
U07373,2023-06-06,BASIC
U05742,2021-03-17,BASIC
U03062,2023-01-30,BASIC
U02635,2023-03-11,BASIC
U02611,2021-05-07,BASIC
U05368,2022-06-14,BASIC
U1113,2021-06-28,PREMIUM
U0141,2021-12-15,BASIC
U04272,2021-09-04,BASIC
U06734,2023-05-25,PREMIUM
U00273,2021-09-15,BASIC
U1565,2023-09-10,BASIC
U0892,2021-11-16,PREMIUM
U02113,2021-08-08,BASIC
U05654,2023-05-30,PREMIUM
U04695,2022-01-18,BASIC
U1951,2023-01-31,BASIC
U00026,2021-12-30,BASIC
U00214,2023-08-31,BASIC
U0639,2023-08-06,PREMIUM
U00624,2022-05-31,BASIC
U03292,2023-08-31,BASIC
U07130,2021-01-27,BASIC
U0511,2021-01-06,PREMIUM
U0482,2021-06-23,BASIC
U1790,2023-04-28,BASIC
U01626,2022-10-09,BASIC
U02282,2023-04-20,BASIC
U07012,2021-09-30,BASIC
U06988,2023-08-09,BASIC
U02683,2021-11-21,BASIC
U1007,2022-05-27,BASIC
U1744,2021-05-31,PREMIUM
U01938,2021-05-28,PREMIUM
U05935,2023-08-29,PREMIUM
U07462,2022-07-21,BASIC
U02403,2021-01-26,BASIC
U02702,2022-08-02,BASIC
U06993,2022-04-12,BASIC
U0971,2022-10-21,BASIC
U01108,2021-04-12,BASIC
U06217,2023-02-19,BASIC
U1986,2022-07-28,BASIC
U0698,2021-12-31,BASIC
U01850,2023-01-27,PREMIUM
U00718,2023-04-24,BASIC
U04839,2022-04-10,PREMIUM
U00954,2021-05-04,BASIC
U1907,2023-02-26,BASIC
U0914,2022-09-16,BASIC
U04455,2023-04-23,BASIC
U1210,2021-07-20,PREMIUM
U02123,2023-09-17,BASIC
U1751,2022-12-25,PREMIUM
U05819,2023-02-23,BASIC
U06798,2022-10-16,BASIC
U0745,2021-03-10,BASIC
U04641,2023-03-10,BASIC
U1448,2021-11-01,BASIC
U01905,2023-06-25,PREMIUM
U05102,2023-02-15,BASIC
U01675,2021-12-28,PREMIUM
U02368,2022-05-09,PREMIUM
U05547,2023-04-06,BASIC
U0336,2021-10-30,BASIC
U0743,2021-03-14,BASIC
U01957,2022-08-22,BASIC
U0911,2022-01-22,PREMIUM
U02788,2022-05-24,PREMIUM
U06094,2022-09-08,BASIC
U02604,2023-03-24,PREMIUM
U06898,2023-07-27,BASIC
U01456,2022-09-17,BASIC
U01611,2022-09-23,BASIC
U06159,2023-07-14,PREMIUM
U06767,2021-04-19,BASIC
U07679,2021-06-06,BASIC
U05574,2021-06-20,PREMIUM
U01911,2022-12-30,PREMIUM
U02030,2022-06-16,BASIC
U01933,2022-02-03,PREMIUM
U00334,2021-10-12,BASIC
U05304,2023-08-12,BASIC
U00264,2022-01-29,BASIC
U07262,2022-04-09,BASIC
U03783,2021-03-17,PREMIUM
U00597,2022-07-03,BASIC
U05202,2022-05-08,BASIC
U01595,2022-09-18,BASIC
U03218,2022-07-19,BASIC
U0163,2023-09-04,BASIC
U05435,2022-07-18,BASIC
U05879,2021-06-12,PREMIUM
U06825,2022-04-27,BASIC
U06238,2021-08-08,BASIC
U03735,2022-07-14,BASIC
U03380,2021-01-05,BASIC
U05764,2021-05-21,BASIC
U0418,2021-03-26,BASIC
U05357,2023-06-09,PREMIUM
U02163,2021-08-15,PREMIUM
U0778,2022-10-02,BASIC
U06106,2021-03-24,BASIC
U1406,2022-04-07,BASIC
U03459,2022-07-25,BASIC
U04710,2023-09-21,BASIC
U00516,2021-07-13,BASIC
U03963,2021-08-07,BASIC
U02281,2022-05-16,BASIC
U02722,2022-04-30,BASIC
U00919,2021-03-26,PREMIUM
U07392,2023-08-07,BASIC
U00994,2021-04-18,BASIC
U00319,2021-01-17,PREMIUM
U02849,2023-08-16,BASIC
U02294,2021-09-27,BASIC
U04993,2021-11-23,PREMIUM
U1896,2021-11-20,PREMIUM
U1137,2023-03-07,BASIC
U07215,2023-03-30,BASIC
U07063,2023-06-24,BASIC
U06419,2023-05-08,BASIC
U00265,2022-11-03,BASIC
U03328,2022-09-23,BASIC
U04842,2022-09-23,PREMIUM
U06500,2023-06-29,PREMIUM
U04012,2023-06-10,PREMIUM
U1027,2023-04-09,BASIC
U1936,2021-09-11,PREMIUM
U01005,2021-10-25,PREMIUM
U1332,2021-06-17,PREMIUM
U03201,2021-05-29,BASIC
U04382,2023-04-04,BASIC
U0964,2021-07-06,PREMIUM
U1435,2022-12-27,BASIC
U00901,2022-02-21,PREMIUM
U00935,2023-09-02,BASIC
U01660,2022-05-30,BASIC
U06680,2022-05-17,BASIC
U04675,2023-09-19,PREMIUM
U05974,2021-08-25,BASIC
U06588,2022-12-01,BASIC
U04171,2022-07-27,BASIC
U07726,2023-07-25,BASIC
U1251,2023-09-11,BASIC
U06858,2021-02-17,PREMIUM
U00920,2023-03-05,PREMIUM
U01904,2022-09-24,BASIC
U05949,2023-03-28,BASIC
U07099,2023-01-09,BASIC
U01829,2023-05-21,BASIC
U02925,2023-03-05,PREMIUM
U0423,2022-06-25,BASIC
U01256,2021-06-07,BASIC
U00797,2021-05-31,BASIC
U03108,2021-06-26,PREMIUM
U07013,2022-12-04,BASIC
U0940,2022-07-18,BASIC
U07107,2022-03-22,PREMIUM
U0115,2022-09-09,BASIC
U00246,2022-07-11,BASIC
U0161,2023-02-08,BASIC
U03832,2023-04-12,PREMIUM
U05010,2021-08-17,BASIC
U1193,2022-06-18,PREMIUM
U04644,2022-07-27,BASIC
U03850,2023-06-02,BASIC
U0678,2021-02-10,PREMIUM
U05997,2023-01-08,BASIC
U07281,2023-09-04,BASIC
U05899,2021-01-16,BASIC
U06599,2023-08-23,BASIC
U06524,2023-02-22,BASIC
U1916,2022-07-18,BASIC
U05930,2023-03-03,BASIC
U05078,2022-07-11,PREMIUM
U07286,2022-05-14,PREMIUM
U1932,2023-01-08,BASIC
U1739,2021-04-02,BASIC
U04910,2023-03-05,BASIC
U06231,2022-03-24,BASIC
U02708,2022-03-06,PREMIUM
U04914,2021-12-04,BASIC
U01371,2021-12-25,PREMIUM
U05585,2021-04-13,BASIC
U00534,2021-01-09,PREMIUM
U02057,2021-09-11,PREMIUM
U00316,2021-11-20,BASIC
U04655,2023-05-31,PREMIUM
U04887,2021-10-23,PREMIUM
U03939,2022-04-19,BASIC
U00817,2021-06-24,PREMIUM
U01439,2022-12-09,PREMIUM
U01882,2023-04-08,BASIC
U02159,2023-07-19,PREMIUM
U1888,2022-08-24,BASIC
U05868,2023-03-21,PREMIUM
U0942,2022-09-26,BASIC
U0546,2021-03-22,BASIC
U01262,2023-04-28,BASIC
U01403,2021-09-03,BASIC
U01694,2022-02-09,BASIC
U1325,2022-02-19,PREMIUM
U04606,2022-08-14,PREMIUM
U00574,2023-06-28,BASIC
U05538,2021-11-23,PREMIUM
U04326,2022-03-25,BASIC
U2000,2021-04-28,BASIC
U1589,2022-05-17,BASIC
U00128,2023-06-04,BASIC
U0638,2022-01-31,PREMIUM
U01334,2022-04-12,BASIC
U05238,2021-10-26,PREMIUM
U1609,2022-03-11,BASIC
U07105,2022-01-07,BASIC
U03022,2021-11-09,BASIC
U07355,2023-08-19,BASIC
U03946,2022-08-06,BASIC
U01282,2023-03-04,BASIC
U06188,2021-07-07,BASIC
U00203,2023-06-20,BASIC
U0114,2022-10-29,BASIC
U03583,2021-09-13,BASIC
U01594,2023-09-12,BASIC
U01954,2021-03-23,PREMIUM
U07693,2021-07-18,BASIC
U04249,2022-04-10,PREMIUM
U02155,2021-12-19,BASIC
U1722,2022-05-12,BASIC
U1524,2021-08-13,PREMIUM
U02311,2022-12-19,BASIC
U03700,2021-07-04,BASIC
U00649,2023-01-25,PREMIUM
U06462,2023-08-08,PREMIUM
U06200,2021-07-19,BASIC
U05691,2022-12-19,PREMIUM
U07259,2022-12-01,BASIC
U00591,2023-03-23,BASIC
U1541,2022-10-07,BASIC
U02688,2022-03-16,BASIC
U03013,2023-07-02,BASIC
U00600,2023-05-23,BASIC
U03821,2023-08-03,BASIC
U02610,2021-02-18,BASIC
U06472,2023-07-18,BASIC
U07042,2021-03-16,BASIC
U05452,2021-12-01,PREMIUM
U02673,2022-02-23,BASIC
U03585,2023-04-04,BASIC
U01719,2022-01-12,BASIC
U07329,2022-11-25,BASIC
U01930,2022-06-03,BASIC
U01619,2022-02-01,BASIC
U0582,2022-12-26,BASIC
U07380,2023-06-12,BASIC
U00921,2021-11-24,BASIC
U01821,2021-02-16,BASIC
U0609,2022-11-24,BASIC
U03489,2021-03-27,PREMIUM
U0447,2021-06-30,PREMIUM
U03974,2022-08-19,BASIC
U07602,2022-07-11,PREMIUM
U00890,2022-12-26,BASIC
U04688,2021-05-05,PREMIUM
U04317,2021-06-24,BASIC
U1417,2023-05-17,PREMIUM
U02131,2023-06-26,BASIC
U1621,2023-01-24,PREMIUM
U03122,2023-09-14,BASIC
U02724,2021-05-05,PREMIUM
U0623,2022-07-28,BASIC
U07190,2023-02-23,PREMIUM
U1886,2023-05-16,BASIC
U0426,2023-07-25,BASIC
U06334,2023-04-29,BASIC
U07676,2021-05-24,PREMIUM
U02485,2021-12-29,BASIC
U07708,2022-09-12,PREMIUM
U06488,2021-06-21,BASIC
U07218,2022-05-03,PREMIUM
U04905,2022-09-29,PREMIUM
U07156,2021-03-20,PREMIUM
U03962,2021-10-22,PREMIUM
U05036,2021-08-25,PREMIUM
U04053,2023-07-13,BASIC
U00393,2022-10-21,BASIC
U05183,2021-05-19,PREMIUM
U02330,2021-09-22,BASIC
U04454,2023-06-03,PREMIUM
U0744,2021-03-27,BASIC
U06248,2021-09-20,BASIC
U1871,2022-04-05,PREMIUM
U02852,2022-02-03,BASIC
U07097,2022-01-18,PREMIUM
U07924,2021-02-08,PREMIUM
U05534,2023-07-09,BASIC
U04855,2021-09-25,BASIC
U02643,2021-01-23,BASIC
U00883,2021-12-31,PREMIUM
U1163,2022-08-13,BASIC
U02887,2023-03-17,PREMIUM
U0337,2022-06-21,BASIC
U0265,2021-07-09,PREMIUM
U05132,2023-09-08,BASIC
U01070,2022-10-24,BASIC
U00298,2022-03-31,BASIC
U04239,2021-01-06,BASIC
U03864,2022-05-15,BASIC
U1217,2021-02-22,BASIC
U06780,2023-01-28,BASIC
U1873,2021-05-11,BASIC
U05244,2021-10-15,PREMIUM
U02387,2022-12-29,PREMIUM
U00986,2022-08-12,PREMIUM
U0054,2022-01-21,BASIC
U02409,2023-03-30,BASIC
U07879,2022-06-10,PREMIUM
U00678,2022-07-07,PREMIUM
U06547,2021-12-06,BASIC
U03264,2022-05-17,BASIC
U03843,2021-04-05,PREMIUM
U05023,2023-04-25,BASIC
U01250,2022-07-15,BASIC
U03669,2022-09-07,BASIC
U01886,2022-06-27,BASIC
U05665,2021-08-13,BASIC
U0038,2021-05-10,BASIC
U01163,2022-07-02,BASIC
U00582,2021-12-22,PREMIUM
U01872,2021-10-22,BASIC
U07212,2022-10-22,BASIC
U02406,2022-02-10,PREMIUM
U04954,2021-06-30,PREMIUM
U1250,2021-08-08,BASIC
U0958,2023-06-21,PREMIUM
U07857,2022-03-23,PREMIUM
U04994,2023-01-31,PREMIUM
U03534,2021-11-23,BASIC
U07622,2023-02-22,BASIC
U03710,2021-01-22,BASIC
U02211,2022-10-24,PREMIUM
U0343,2023-02-08,BASIC
U0284,2022-04-15,BASIC
U07311,2022-04-19,BASIC
U02826,2023-09-04,BASIC
U07763,2022-06-08,PREMIUM
U01161,2023-03-23,BASIC
U1046,2021-10-16,PREMIUM
U00989,2021-12-11,PREMIUM
U0580,2022-07-19,BASIC
U1775,2021-04-23,BASIC
U07269,2022-09-17,BASIC
U02938,2022-07-03,BASIC
U07937,2021-10-10,BASIC
U1877,2023-08-13,BASIC
U01298,2023-07-26,PREMIUM
U01536,2022-09-15,PREMIUM
U02527,2022-08-25,BASIC
U01731,2022-09-15,BASIC
U05017,2022-08-30,BASIC
U0933,2021-07-29,BASIC
U1068,2021-12-12,BASIC
U1364,2022-10-12,BASIC
U07226,2022-09-04,PREMIUM
U01948,2023-06-15,PREMIUM
U05212,2023-05-06,PREMIUM
U03213,2021-11-09,BASIC
U0576,2021-06-16,BASIC
U1810,2021-08-25,BASIC
U02423,2023-07-30,BASIC
U1730,2022-03-05,PREMIUM
U00114,2021-01-11,BASIC
U03806,2021-03-19,BASIC
U07765,2021-05-03,BASIC
U02034,2023-05-28,PREMIUM
U04547,2021-06-27,PREMIUM
U05950,2022-10-18,PREMIUM
U1374,2021-07-25,PREMIUM
U07182,2021-04-03,BASIC
U1351,2023-08-05,BASIC
U00285,2021-08-21,BASIC
U00889,2022-08-24,BASIC
U03836,2022-12-17,BASIC
U0135,2021-01-16,BASIC
U02471,2021-07-09,BASIC
U0927,2022-02-02,BASIC
U03230,2023-04-29,PREMIUM
U02255,2021-10-29,BASIC
U00711,2022-12-08,BASIC
U00359,2022-05-31,BASIC
U06061,2022-11-30,BASIC
U1499,2023-05-18,PREMIUM
U04279,2021-01-18,BASIC
U01918,2022-11-27,BASIC
U1410,2022-02-07,BASIC
U00641,2023-01-10,PREMIUM
U07460,2022-07-02,BASIC
U1054,2021-08-04,PREMIUM
U07039,2022-04-27,BASIC
U05395,2021-08-25,BASIC
U1891,2021-03-04,BASIC
U00459,2022-08-07,BASIC
U07893,2021-05-15,PREMIUM
U03560,2023-02-08,BASIC
U07753,2022-11-05,PREMIUM
U00302,2023-09-21,BASIC
U02539,2022-12-28,PREMIUM
U00940,2023-08-02,BASIC
U1167,2022-08-27,PREMIUM
U03691,2021-11-02,BASIC
U06660,2022-12-16,BASIC
U05519,2022-07-29,BASIC
U1603,2022-02-05,PREMIUM
U0148,2021-07-06,BASIC
U01805,2022-09-20,PREMIUM
U0010,2022-11-01,BASIC
U02637,2021-07-14,PREMIUM
U02530,2021-09-07,BASIC
U02334,2023-03-31,PREMIUM
U01575,2021-12-17,BASIC
U06743,2021-08-13,BASIC
U06913,2021-09-24,BASIC
U02819,2021-09-03,BASIC
U04437,2021-08-09,BASIC
U00988,2021-03-31,PREMIUM
U05840,2023-04-21,BASIC
U1804,2022-03-03,BASIC
U00282,2021-02-15,BASIC
U06736,2021-12-18,BASIC
U02149,2021-09-04,PREMIUM
U03414,2021-04-03,BASIC
U1903,2021-02-06,BASIC
U04407,2022-06-26,PREMIUM
U07225,2023-05-25,BASIC
U00587,2021-11-05,BASIC
U0244,2022-05-19,BASIC
U07574,2023-06-08,PREMIUM
U03284,2023-04-05,BASIC
U07133,2023-03-15,BASIC
U06317,2023-08-05,BASIC
U07811,2022-07-01,BASIC
U1188,2021-02-22,PREMIUM
U01184,2022-10-18,BASIC
U0593,2021-05-08,PREMIUM
U05365,2022-04-16,BASIC
U00862,2023-02-20,BASIC
U05931,2023-02-11,PREMIUM
U02043,2022-09-20,BASIC
U05180,2021-02-11,PREMIUM
U00899,2022-08-28,BASIC
U0406,2023-05-31,PREMIUM
U0371,2022-09-26,BASIC
U05442,2022-09-05,PREMIUM
U07456,2021-01-27,PREMIUM
U02303,2023-06-18,PREMIUM
U00655,2022-10-05,BASIC
U01505,2022-03-11,PREMIUM
U0835,2021-12-29,PREMIUM
U02167,2021-09-22,PREMIUM
U06868,2023-01-26,BASIC
U1831,2021-07-20,BASIC
U00033,2023-09-09,BASIC
U0065,2021-05-31,BASIC
U06941,2021-07-25,BASIC
U07377,2022-04-27,BASIC
U0720,2023-02-02,PREMIUM
U00228,2021-02-09,BASIC
U07138,2022-12-03,PREMIUM
U07533,2023-04-12,BASIC
U00707,2021-10-30,PREMIUM
U04826,2023-08-02,BASIC
U05558,2023-01-02,PREMIUM
U0112,2021-03-02,BASIC
U01263,2021-01-07,BASIC
U02689,2021-07-23,BASIC
U0828,2022-07-29,BASIC
U01864,2022-12-05,BASIC
U04105,2022-07-04,BASIC
U07217,2021-06-14,BASIC
U05122,2023-05-21,BASIC
U04400,2023-07-26,BASIC
U07590,2023-07-03,BASIC
U04216,2023-06-09,BASIC
U07647,2021-06-26,BASIC
U03338,2021-10-05,BASIC
U02058,2023-06-18,BASIC
U07513,2021-05-06,BASIC
U01001,2021-11-08,BASIC
U07026,2021-05-14,BASIC
U1272,2022-09-15,BASIC
U0834,2021-02-16,BASIC
U00315,2021-08-30,BASIC
U1230,2021-05-23,BASIC
U03269,2023-01-04,BASIC
U04133,2023-08-14,BASIC
U06533,2021-01-29,BASIC
U04466,2022-07-15,BASIC
U0487,2023-07-02,BASIC
U07917,2022-12-13,PREMIUM
U06263,2021-02-15,PREMIUM
U04416,2022-10-10,BASIC
U06506,2022-09-23,PREMIUM
U01569,2022-05-03,BASIC
U07266,2023-05-24,BASIC
U01089,2023-03-14,PREMIUM
U06645,2022-01-02,PREMIUM
U0388,2023-01-29,BASIC
U1070,2023-05-14,BASIC
U07565,2022-01-01,BASIC
U03944,2022-11-20,BASIC
U07871,2021-07-31,BASIC
U06104,2023-02-24,BASIC
U06490,2021-05-14,PREMIUM
U1493,2023-04-03,PREMIUM
U01367,2022-09-07,BASIC
U00672,2021-11-30,BASIC
U01591,2023-04-07,PREMIUM
U1139,2021-01-22,BASIC
U0020,2021-07-11,BASIC
U06555,2023-05-05,PREMIUM
U06119,2023-03-08,BASIC
U00172,2022-08-03,PREMIUM
U06379,2022-01-12,BASIC
U03622,2022-04-20,BASIC
U0386,2021-02-27,PREMIUM
U04491,2021-12-21,PREMIUM
U01324,2023-04-08,BASIC
U07398,2022-11-11,BASIC
U01516,2022-01-01,PREMIUM
U02422,2021-03-17,BASIC
U06353,2022-05-31,BASIC
U03363,2023-04-13,PREMIUM
U01735,2023-06-25,BASIC
U07465,2021-07-04,BASIC
U05083,2021-10-03,PREMIUM
U0985,2021-11-23,PREMIUM
U03034,2022-04-01,BASIC
U0627,2023-03-07,PREMIUM
U06627,2021-09-06,BASIC
U04196,2023-08-21,BASIC
U0855,2023-07-25,BASIC
U03984,2022-12-20,PREMIUM
U01258,2022-11-01,BASIC
U04682,2022-03-18,BASIC
U02772,2021-05-19,BASIC
U00183,2022-10-11,PREMIUM
U04805,2022-10-22,BASIC
U02915,2022-07-01,BASIC
U04788,2021-04-04,BASIC
U02791,2023-02-03,PREMIUM
U0559,2021-09-10,BASIC
U1012,2023-07-05,BASIC
U06742,2022-04-08,BASIC
U1442,2022-04-21,PREMIUM
U1953,2023-05-14,PREMIUM
U00308,2021-02-06,BASIC
U1492,2022-05-25,PREMIUM
U1613,2022-07-01,BASIC
U01958,2022-12-31,BASIC
U04698,2022-03-26,BASIC
U01190,2021-04-14,PREMIUM
U06134,2022-12-25,BASIC
U02810,2021-03-05,BASIC
U06085,2021-11-06,BASIC
U1291,2023-03-10,PREMIUM
U1946,2023-06-24,BASIC
U0363,2022-10-15,PREMIUM
U07347,2022-04-04,PREMIUM
U02463,2023-04-04,BASIC
U1150,2022-05-23,BASIC
U03913,2023-04-02,PREMIUM
U07952,2023-06-13,BASIC
U07299,2022-08-05,BASIC
U1236,2021-07-29,BASIC
U00082,2022-03-05,BASIC
U07883,2023-09-08,BASIC
U01987,2022-11-12,BASIC
U04391,2023-08-05,PREMIUM
U05581,2022-08-06,BASIC
U07247,2021-05-05,BASIC
U04569,2023-09-19,PREMIUM
U06208,2021-03-18,BASIC
U01822,2023-09-14,BASIC
U00648,2023-07-27,PREMIUM
U02456,2023-05-17,BASIC
U05161,2023-04-23,PREMIUM
U06223,2022-10-28,BASIC
U06598,2021-05-14,BASIC
U07591,2022-11-26,BASIC
U04073,2022-11-11,BASIC
U00157,2022-02-23,BASIC
U04714,2021-07-10,BASIC
U01717,2022-02-22,BASIC
U02059,2023-08-26,BASIC
U03954,2022-09-28,BASIC
U01104,2021-10-29,PREMIUM
U0481,2022-07-29,PREMIUM
U02612,2021-08-11,BASIC
U04980,2021-08-06,BASIC
U1392,2021-02-11,BASIC
U0890,2023-05-04,BASIC
U1093,2022-12-06,BASIC
U1602,2022-11-20,BASIC
U03421,2022-12-22,BASIC
U02052,2023-05-31,BASIC
U06091,2023-03-06,BASIC
U01838,2021-02-19,PREMIUM
U00120,2022-07-18,BASIC
U04154,2022-09-11,BASIC
U05810,2021-10-12,BASIC
U1134,2023-05-22,BASIC
U04261,2022-11-08,PREMIUM
U07745,2021-09-25,BASIC
U1846,2021-12-12,BASIC
U04143,2023-02-09,BASIC
U1700,2022-12-20,PREMIUM
U07124,2022-05-17,BASIC
U1294,2021-04-10,BASIC
U01379,2021-08-19,BASIC
U06785,2023-07-26,BASIC
U1257,2023-08-05,PREMIUM
U0847,2021-02-16,PREMIUM
U04986,2021-07-20,BASIC
U1880,2021-10-19,PREMIUM
U01592,2023-04-26,BASIC
U04728,2021-01-14,BASIC
U1173,2021-10-15,BASIC
U06120,2021-11-22,BASIC
U0211,2023-08-01,PREMIUM
U07451,2022-02-14,BASIC
U05133,2022-08-29,BASIC
U02809,2022-10-21,BASIC
U05305,2021-10-10,PREMIUM
U1821,2022-04-16,BASIC
U04856,2023-08-03,PREMIUM
U02908,2021-05-06,BASIC
U1974,2022-01-19,BASIC
U06787,2022-06-21,PREMIUM
U05072,2022-08-19,PREMIUM
U00831,2021-10-30,PREMIUM
U07321,2021-07-17,BASIC
U06739,2022-05-06,BASIC
U0800,2023-04-17,PREMIUM
U0198,2021-10-04,PREMIUM
U01571,2022-01-09,BASIC
U0012,2023-07-04,BASIC
U00478,2023-03-12,PREMIUM
U07327,2023-04-20,PREMIUM
U00572,2021-03-28,BASIC
U03288,2022-12-21,BASIC
U03217,2022-10-12,BASIC
U00165,2023-01-09,BASIC
U04579,2022-08-09,BASIC
U06451,2022-06-25,BASIC
U0944,2021-07-27,BASIC
U06510,2022-03-05,BASIC
U0257,2023-01-11,PREMIUM
U1812,2022-03-26,BASIC
U0355,2021-04-30,BASIC
U01894,2023-05-26,PREMIUM
U02143,2021-09-17,BASIC
U0125,2021-12-26,BASIC
U03226,2021-04-12,PREMIUM
U0402,2022-02-10,BASIC
U1486,2021-11-26,BASIC
U01397,2022-05-25,PREMIUM
U03481,2021-02-08,BASIC
U07771,2021-03-12,PREMIUM
U1829,2021-01-09,BASIC
U0616,2021-03-30,BASIC
U01959,2023-07-22,PREMIUM
U05137,2023-04-29,BASIC
U05480,2022-05-24,BASIC
U02507,2022-10-21,PREMIUM
U07582,2023-03-29,BASIC
U03290,2022-01-08,PREMIUM
U0512,2022-07-08,BASIC
U01348,2022-04-08,BASIC
U04255,2023-04-05,BASIC
U00855,2023-08-24,BASIC
U06990,2021-07-02,BASIC
U07777,2021-06-04,BASIC
U04461,2022-02-18,PREMIUM
U02064,2023-02-13,BASIC
U03865,2022-04-09,PREMIUM
U02308,2023-09-07,PREMIUM
U02879,2023-04-29,PREMIUM
U05251,2021-03-24,PREMIUM
U03275,2023-09-19,BASIC
U01992,2022-09-02,BASIC
U0566,2021-01-01,BASIC
U04177,2021-07-26,BASIC
U04928,2021-10-29,BASIC
U05866,2023-03-13,BASIC
U00037,2021-06-10,BASIC
U02041,2021-03-20,BASIC
U04877,2023-07-17,PREMIUM
U07356,2022-06-27,BASIC
U1118,2023-05-27,PREMIUM
U03074,2021-06-03,BASIC
U00101,2021-05-20,BASIC
U1901,2021-04-28,BASIC
U07614,2023-06-07,BASIC
U1368,2023-01-20,BASIC
U1539,2023-09-14,BASIC
U02087,2021-03-13,PREMIUM
U1768,2022-09-25,PREMIUM
U03712,2021-11-06,BASIC
U04974,2022-06-09,PREMIUM
U00758,2021-10-20,BASIC
U04886,2022-08-07,BASIC
U03448,2023-09-10,BASIC
U00078,2022-07-31,PREMIUM
U02105,2023-05-27,BASIC
U07561,2021-02-10,BASIC
U05573,2023-02-22,BASIC
U07468,2021-05-10,PREMIUM
U02896,2022-12-21,BASIC
U04694,2022-06-25,PREMIUM
U06056,2022-10-25,PREMIUM
U03391,2023-01-08,PREMIUM
U07375,2022-07-23,BASIC
U06023,2023-07-06,BASIC
U06606,2023-04-26,PREMIUM
U02482,2022-12-05,BASIC
U06328,2021-11-16,BASIC
U02080,2023-07-09,PREMIUM
U0204,2021-06-03,BASIC
U0201,2021-04-21,BASIC
U00780,2023-03-22,PREMIUM
U07499,2021-01-01,BASIC
U01863,2021-03-15,BASIC
U01482,2021-07-19,BASIC
U1500,2022-07-04,BASIC
U1841,2021-11-22,BASIC
U00340,2022-01-16,BASIC
U01982,2022-07-27,PREMIUM
U04879,2023-02-22,BASIC
U02056,2023-01-30,BASIC
U00239,2021-12-19,BASIC
U05108,2023-07-24,BASIC
U07670,2021-05-09,PREMIUM
U02747,2021-03-10,BASIC
U0561,2021-11-23,PREMIUM
U04205,2021-07-15,PREMIUM
U03510,2023-08-02,BASIC
U05431,2022-05-10,BASIC
U0470,2022-10-14,BASIC
U04298,2021-08-22,BASIC
U03553,2023-09-07,BASIC
U03725,2021-09-11,BASIC
U03901,2022-03-28,BASIC
U07289,2023-05-16,BASIC
U05873,2022-08-03,BASIC
U00366,2023-06-06,PREMIUM
U01215,2022-10-16,BASIC
U0171,2021-05-14,BASIC
U07049,2021-01-21,BASIC
U07792,2022-11-24,BASIC
U05291,2022-05-25,BASIC
U07960,2021-08-01,BASIC
U04538,2022-12-17,PREMIUM
U07194,2022-09-17,BASIC
U1280,2023-03-09,PREMIUM
U07809,2022-04-17,BASIC
U0473,2021-10-29,PREMIUM
U1437,2022-09-04,PREMIUM
U02478,2023-03-18,PREMIUM
U06984,2021-11-20,BASIC
U06079,2022-07-12,BASIC
U00990,2021-12-16,PREMIUM
U1518,2021-05-13,BASIC
U00778,2021-08-04,PREMIUM
U07837,2022-02-01,BASIC
U03005,2022-07-21,PREMIUM
U04651,2022-10-17,PREMIUM
U05256,2023-05-22,PREMIUM
U02429,2021-06-11,BASIC
U05433,2021-09-04,BASIC
U01983,2021-12-20,BASIC
U04353,2023-03-05,PREMIUM
U00895,2021-05-23,BASIC
U00671,2022-06-10,PREMIUM
U01979,2022-08-16,BASIC
U03261,2022-11-29,BASIC
U0326,2022-09-17,BASIC
U04732,2021-07-08,PREMIUM
U04106,2022-10-01,BASIC
U05022,2023-03-04,PREMIUM
U1450,2023-05-21,BASIC
U06914,2022-09-03,BASIC
U01481,2022-12-27,BASIC
U02418,2021-12-14,BASIC
U05594,2023-06-01,BASIC
U04284,2022-02-18,PREMIUM
U03605,2023-05-24,BASIC
U06621,2023-09-19,BASIC
U05782,2021-06-24,BASIC
U02298,2022-10-24,BASIC
U02595,2021-10-23,BASIC
U02846,2021-04-12,PREMIUM
U00211,2023-08-31,BASIC
U05607,2023-06-21,BASIC
U03503,2022-12-29,PREMIUM
U1905,2023-05-21,BASIC
U02802,2022-06-04,BASIC
U02847,2022-08-10,PREMIUM
U00352,2022-07-24,PREMIUM
U0408,2023-08-17,PREMIUM
U0498,2021-11-14,PREMIUM
U1273,2022-09-05,PREMIUM
U07184,2022-08-20,BASIC
U07819,2021-12-30,BASIC
U1578,2022-11-15,PREMIUM
U1961,2022-03-14,BASIC
U05340,2022-12-27,BASIC
U00079,2023-09-17,PREMIUM
U05817,2023-07-07,BASIC
U00231,2023-01-19,BASIC
U00844,2023-09-03,PREMIUM
U00539,2022-02-20,PREMIUM
U06147,2022-09-03,BASIC
U07538,2021-05-10,PREMIUM
U04445,2021-07-25,BASIC
U01369,2023-02-24,BASIC
U02488,2021-08-21,BASIC
U00580,2022-07-21,BASIC
U0056,2022-06-30,BASIC
U02820,2022-10-23,PREMIUM
U1418,2021-05-24,BASIC
U0147,2022-11-21,BASIC
U02044,2022-08-27,BASIC
U07127,2021-12-01,PREMIUM
U03147,2022-12-24,PREMIUM
U1772,2023-04-04,PREMIUM
U07428,2022-03-10,PREMIUM
U01952,2021-11-10,PREMIUM
U04147,2021-05-03,BASIC
U06888,2021-09-04,BASIC
U04697,2022-11-14,BASIC
U02979,2021-03-07,PREMIUM
U04094,2023-04-10,PREMIUM
U06410,2022-06-14,BASIC
U1189,2022-11-07,BASIC
U04145,2022-07-24,PREMIUM
U1159,2022-01-08,PREMIUM
U0883,2022-08-16,BASIC
U00365,2021-09-28,BASIC
U0711,2021-06-06,PREMIUM
U1466,2021-04-03,PREMIUM
U05553,2023-01-21,BASIC
U04131,2021-10-22,PREMIUM
U02667,2023-02-26,BASIC
U03662,2022-07-20,BASIC
U04462,2021-08-23,BASIC
U1087,2021-05-29,BASIC
U00490,2021-02-15,PREMIUM
U03329,2022-10-07,BASIC
U07363,2021-10-21,BASIC
U1600,2021-02-15,BASIC
U04137,2022-07-03,BASIC
U04379,2022-10-30,BASIC
U1692,2022-04-11,BASIC
U00184,2021-07-14,PREMIUM
U01373,2023-03-31,PREMIUM
U06042,2022-10-01,BASIC
U0765,2023-07-11,BASIC
U02862,2023-09-01,BASIC
U07257,2022-03-15,BASIC
U06347,2022-11-04,PREMIUM
U05349,2023-05-28,BASIC
U02866,2023-08-05,BASIC
U07888,2022-04-23,BASIC
U04390,2021-12-30,BASIC
U01123,2021-03-11,BASIC
U1811,2023-07-09,PREMIUM
U05787,2022-02-04,BASIC
U0341,2023-05-13,BASIC
U05854,2023-04-30,PREMIUM
U03420,2021-06-10,BASIC
U1726,2022-02-06,BASIC
U02021,2022-09-03,BASIC
U1899,2023-06-15,BASIC
U03300,2023-02-15,BASIC
U04660,2022-05-14,BASIC
U1354,2021-08-23,BASIC
U01500,2022-05-20,PREMIUM
U00083,2021-05-22,BASIC
U07442,2021-02-27,BASIC
U0104,2022-12-01,PREMIUM
U01941,2023-08-02,PREMIUM
U03259,2021-04-14,BASIC
U06439,2023-08-28,BASIC
U02321,2022-02-02,BASIC
U00967,2021-11-30,PREMIUM
U01971,2021-06-27,PREMIUM
U1646,2023-03-24,BASIC
U0220,2021-01-02,BASIC
U06875,2021-06-17,BASIC
U02161,2022-01-17,BASIC
U01094,2022-07-08,PREMIUM
U02558,2021-04-23,BASIC
U02586,2022-03-30,BASIC
U02325,2023-04-09,BASIC
U03506,2023-05-22,BASIC
U05076,2022-01-23,BASIC
U01366,2023-02-11,BASIC
U06027,2023-05-19,PREMIUM
U01197,2021-11-17,PREMIUM
U06812,2023-06-12,BASIC
U1969,2021-02-10,PREMIUM
U01736,2022-06-20,BASIC
U0043,2021-08-17,BASIC
U07498,2022-09-09,BASIC
U04453,2022-07-26,PREMIUM
U06799,2023-04-14,BASIC
U00853,2023-08-20,PREMIUM
U03182,2023-08-10,BASIC
U04725,2022-04-13,BASIC
U07324,2023-09-11,PREMIUM
U05812,2021-10-08,BASIC
U02473,2022-07-09,PREMIUM
U03170,2021-07-29,PREMIUM
U02350,2022-09-29,PREMIUM
U05905,2021-03-29,PREMIUM
U01628,2021-08-24,PREMIUM
U1295,2023-05-04,BASIC
U06295,2023-07-10,BASIC
U00061,2023-08-16,BASIC
U02015,2021-12-10,BASIC
U0564,2023-01-09,BASIC
U03575,2022-02-05,BASIC
U04927,2023-09-15,PREMIUM
U0006,2021-04-02,PREMIUM
U00347,2023-05-29,BASIC
U03486,2023-01-24,PREMIUM
U1223,2022-11-19,BASIC
U02588,2022-09-21,PREMIUM
U06101,2021-09-02,BASIC
U06459,2022-05-02,BASIC
U06158,2022-12-07,BASIC
U05895,2023-09-11,BASIC
U0376,2022-11-14,BASIC
U0059,2021-10-10,BASIC
U0189,2022-11-30,BASIC
U01068,2022-10-23,BASIC
U1056,2023-07-18,PREMIUM
U00943,2023-03-25,BASIC
U03379,2023-06-01,BASIC
U02732,2022-12-09,BASIC
U0048,2023-05-26,PREMIUM
U00148,2022-11-20,BASIC
U1632,2023-06-01,BASIC
U00097,2023-03-28,BASIC
U04076,2023-01-27,BASIC
U03247,2023-01-10,PREMIUM
U0004,2021-01-01,BASIC
U06065,2021-04-14,BASIC
U04052,2022-02-13,BASIC
U06370,2023-09-06,BASIC
U04019,2021-10-11,BASIC
U07933,2021-12-18,PREMIUM
U06771,2021-03-31,BASIC
U05505,2023-01-24,BASIC
U1755,2023-03-17,BASIC
U01098,2023-07-26,PREMIUM
U07773,2022-07-14,BASIC
U00417,2022-03-06,BASIC
U00019,2021-05-11,BASIC
U04020,2022-03-25,BASIC
U02127,2023-02-26,BASIC
U07804,2023-06-08,BASIC
U01248,2021-01-12,BASIC
U0018,2023-02-03,BASIC
U04427,2023-04-05,BASIC
U03310,2022-09-08,BASIC
U05465,2022-10-19,BASIC
U07159,2023-06-08,BASIC
U01343,2023-02-18,BASIC
U1849,2022-10-19,BASIC
U00125,2023-05-11,PREMIUM
U07500,2022-07-27,BASIC
U05687,2022-01-03,PREMIUM
U05051,2022-09-03,BASIC
U07663,2021-10-29,PREMIUM
U00199,2023-09-02,BASIC
U02053,2022-03-23,BASIC
U04056,2022-10-06,BASIC
U01364,2022-09-01,BASIC
U04853,2021-11-05,BASIC
U1365,2023-04-29,BASIC
U02936,2021-01-01,BASIC
U0122,2022-12-25,BASIC
U0929,2023-08-06,BASIC
U07605,2021-03-14,PREMIUM
U1071,2022-09-15,BASIC
U03937,2023-08-23,PREMIUM
U07038,2023-06-13,PREMIUM
U05337,2023-05-02,BASIC
U01964,2023-05-07,PREMIUM
U04424,2021-12-01,BASIC
U02907,2021-11-16,BASIC
U0570,2023-01-21,BASIC
U0887,2022-06-10,BASIC
U06051,2021-06-13,PREMIUM
U07280,2022-03-02,BASIC
U06673,2022-12-06,PREMIUM
U03231,2023-05-18,BASIC
U04952,2022-03-15,BASIC
U01219,2021-04-24,BASIC
U1412,2022-07-20,BASIC
U03025,2021-01-31,BASIC
U00968,2023-06-12,PREMIUM
U01166,2022-04-22,BASIC
U04005,2023-04-01,PREMIUM
U06889,2021-09-18,BASIC
U1055,2021-05-21,PREMIUM
U0227,2021-10-15,BASIC
U00399,2022-07-24,BASIC
U1154,2023-05-29,BASIC
U06032,2021-05-08,BASIC
U02698,2023-07-15,BASIC
U01683,2022-03-25,BASIC
U0345,2022-05-19,BASIC
U07727,2022-08-01,BASIC
U1657,2021-08-06,BASIC
U01303,2022-04-27,PREMIUM
U04396,2022-02-17,PREMIUM
U00847,2021-10-31,PREMIUM
U06293,2021-11-09,BASIC
U05499,2023-09-13,PREMIUM
U0185,2021-01-05,PREMIUM
U02200,2022-06-30,BASIC
U00420,2022-08-28,BASIC
U05484,2022-02-19,BASIC
U03708,2022-06-12,PREMIUM
U01849,2022-07-17,PREMIUM
U0666,2021-03-31,BASIC
U0917,2022-09-14,BASIC
U03009,2021-08-19,PREMIUM
U00208,2021-02-06,BASIC
U04314,2021-12-29,BASIC
U07564,2022-02-28,BASIC
U02233,2021-07-20,BASIC
U0302,2022-07-02,BASIC
U00286,2021-01-17,BASIC
U04665,2021-10-31,BASIC
U02757,2021-12-09,BASIC
U06213,2021-07-30,PREMIUM
U0545,2021-01-25,BASIC
U04577,2023-06-22,PREMIUM
U05721,2021-05-01,BASIC
U1172,2022-10-23,BASIC
U00447,2023-05-02,BASIC
U03877,2022-02-05,BASIC
U06165,2023-08-05,BASIC
U04140,2022-07-22,BASIC
U00404,2023-08-15,BASIC
U0705,2023-08-19,BASIC
U04559,2022-05-20,BASIC
U02242,2022-08-02,BASIC
U06511,2022-10-24,BASIC
U00093,2023-08-07,BASIC
U02529,2023-09-15,BASIC
U05204,2022-05-14,PREMIUM
U04797,2022-03-14,PREMIUM
U05239,2022-11-07,BASIC
U05424,2022-08-29,PREMIUM
U04851,2022-01-15,BASIC
U04838,2021-08-22,PREMIUM
U0598,2023-03-12,BASIC
U07101,2022-01-24,BASIC
U04564,2021-08-10,BASIC
U03616,2021-04-22,BASIC
U02653,2023-07-09,BASIC
U03315,2022-09-02,PREMIUM
U1531,2021-04-07,BASIC
U05609,2022-09-26,BASIC
U1598,2021-10-23,BASIC
U07305,2023-03-28,BASIC
U1782,2022-02-21,BASIC
U07808,2022-09-10,BASIC
U06044,2023-08-15,PREMIUM
U05213,2023-03-28,BASIC
U01078,2022-06-07,BASIC
U06316,2021-08-05,PREMIUM
U02103,2023-04-28,PREMIUM
U03116,2022-11-29,BASIC
U00724,2023-02-15,BASIC
U07361,2021-05-02,PREMIUM
U0384,2021-04-21,BASIC
U00464,2021-03-13,PREMIUM
U03466,2023-04-28,PREMIUM
U1843,2023-04-10,BASIC
U01582,2022-06-06,PREMIUM
U03351,2021-10-28,BASIC
U05292,2022-09-22,BASIC
U03159,2021-10-30,BASIC
U04603,2022-02-09,PREMIUM
U00823,2022-03-03,PREMIUM
U03809,2021-09-27,BASIC
U0878,2023-07-25,BASIC
U03957,2021-06-15,PREMIUM
U03256,2023-02-23,BASIC
U04663,2023-07-15,BASIC
U05658,2023-02-02,BASIC
U06727,2021-03-06,BASIC
U04898,2022-07-22,PREMIUM
U05596,2023-06-04,BASIC
U00030,2022-05-12,BASIC
U04820,2022-06-03,PREMIUM
U0943,2023-02-01,PREMIUM
U03765,2022-09-30,BASIC
U0606,2023-07-08,PREMIUM
U03298,2021-06-09,BASIC
U05105,2021-04-21,BASIC
U03036,2022-07-18,BASIC
U03454,2022-01-25,BASIC
U00434,2023-04-08,BASIC
U04321,2021-01-19,BASIC
U04121,2023-02-15,BASIC
U07160,2021-12-15,BASIC
U07955,2023-03-10,BASIC
U1626,2023-07-24,BASIC
U1991,2023-06-22,PREMIUM
U04476,2022-02-13,BASIC
U05663,2022-08-22,BASIC
U05462,2022-06-13,BASIC
U01808,2022-04-21,BASIC
U06275,2022-09-22,BASIC
U07453,2022-01-26,BASIC
U02703,2021-03-16,BASIC
U01963,2022-01-06,PREMIUM
U03419,2022-09-12,PREMIUM
U0118,2022-10-22,BASIC
U03001,2021-08-03,PREMIUM
U05508,2023-02-24,BASIC
U05883,2022-02-19,BASIC
U03097,2021-05-17,PREMIUM
U04934,2021-09-23,BASIC
U07619,2021-07-24,BASIC
U00801,2021-11-04,BASIC
U1895,2023-06-03,BASIC
U01270,2022-08-01,BASIC
U01934,2023-09-05,PREMIUM
U1125,2021-07-31,PREMIUM
U04207,2022-03-20,BASIC
U0234,2021-10-21,BASIC
U05791,2021-06-29,PREMIUM
U04460,2023-05-09,BASIC
U04208,2021-10-10,BASIC
U03884,2021-03-10,BASIC
U02670,2022-03-20,BASIC
U02300,2021-03-24,BASIC
U01785,2021-04-19,BASIC
U1593,2021-08-27,BASIC
U06356,2022-03-03,PREMIUM
U00187,2021-11-28,BASIC
U01625,2021-08-26,BASIC
U05041,2022-08-31,BASIC
U02924,2021-09-21,BASIC
U07675,2022-04-09,BASIC
U05952,2021-11-12,BASIC
U04127,2022-05-24,BASIC
U02758,2023-08-05,BASIC
U03076,2021-04-06,BASIC
U1633,2021-01-02,BASIC
U03976,2022-01-02,PREMIUM
U04420,2023-01-21,BASIC
U06642,2021-05-28,BASIC
U06692,2023-06-10,BASIC
U00119,2022-12-12,BASIC
U00939,2021-02-12,PREMIUM
U04844,2021-09-21,BASIC
U0539,2023-06-28,PREMIUM
U05262,2023-03-27,BASIC
U07987,2021-07-05,BASIC
U00927,2021-08-09,PREMIUM
U04063,2021-09-05,BASIC
U01216,2023-03-15,BASIC
U04449,2023-08-09,BASIC
U04781,2022-06-16,BASIC
U05040,2022-02-10,BASIC
U03665,2023-04-05,BASIC
U1108,2023-06-04,BASIC
U06010,2022-11-02,BASIC
U03127,2021-06-24,BASIC
U02767,2021-12-07,PREMIUM
U06145,2022-12-31,BASIC
U07596,2023-07-02,PREMIUM
U0364,2021-08-16,PREMIUM
U0167,2021-02-10,BASIC
U04114,2022-01-22,BASIC
U1608,2021-01-08,PREMIUM
U05864,2023-09-16,PREMIUM
U02237,2023-08-26,PREMIUM
U03194,2021-09-20,BASIC
U00400,2023-06-11,BASIC
U03436,2022-07-14,BASIC
U04059,2021-03-14,BASIC
U07320,2022-11-22,BASIC
U0868,2022-12-31,BASIC
U04015,2023-05-18,PREMIUM
U07795,2021-09-28,PREMIUM
U04016,2022-09-02,PREMIUM
U0531,2021-01-16,BASIC
U07889,2022-11-10,PREMIUM
U02249,2021-07-10,BASIC
U05674,2021-05-05,BASIC
U1051,2022-11-03,BASIC
U0393,2022-03-22,BASIC
U03457,2023-06-02,BASIC
U01051,2021-07-21,PREMIUM
U07523,2022-12-17,BASIC
U1893,2022-09-15,BASIC
U06057,2022-04-25,PREMIUM
U00798,2022-01-19,BASIC
U0306,2023-08-14,BASIC
U01360,2021-09-20,BASIC
U0840,2022-02-02,BASIC
U04869,2022-07-24,BASIC
U03697,2022-02-15,BASIC
U06837,2023-04-21,BASIC
U07628,2023-08-06,BASIC
U04172,2023-05-25,BASIC
U04989,2022-03-04,BASIC
U02569,2021-04-15,PREMIUM
U06957,2022-09-26,BASIC
U00658,2022-07-06,PREMIUM
U06311,2022-05-15,BASIC
U04859,2023-03-21,BASIC
U0439,2023-09-03,BASIC
U04385,2022-05-20,PREMIUM
U06855,2021-03-11,PREMIUM
U07975,2021-03-29,BASIC
U0425,2021-09-30,BASIC
U01178,2022-10-19,BASIC
U05762,2023-06-11,BASIC
U03015,2022-11-01,BASIC
U07707,2022-02-02,PREMIUM
U04541,2022-01-30,BASIC
U01291,2021-12-02,BASIC
U04450,2022-07-28,BASIC
U06728,2022-10-08,BASIC
U05613,2021-04-03,BASIC
U04277,2022-10-08,PREMIUM
U04889,2021-02-25,BASIC
U1084,2022-11-16,BASIC
U02071,2022-03-03,BASIC
U04024,2021-01-07,PREMIUM
U03554,2022-11-24,BASIC
U0240,2021-09-25,BASIC
U00044,2021-11-07,PREMIUM
U02765,2023-02-01,PREMIUM
U06999,2021-11-01,BASIC
U03206,2021-03-06,BASIC
U07511,2023-01-10,PREMIUM
U1397,2021-07-26,BASIC
U06375,2023-03-22,BASIC
U05734,2021-09-19,BASIC
U05517,2022-02-03,BASIC
U04680,2023-02-07,PREMIUM
U02324,2022-03-13,BASIC
U04948,2023-01-05,BASIC
U05749,2022-04-19,PREMIUM
U04774,2022-01-10,BASIC
U03520,2021-06-22,BASIC
U03119,2023-07-14,PREMIUM
U04181,2023-09-01,PREMIUM
U02711,2023-09-14,BASIC
U06123,2022-08-30,PREMIUM
U03971,2021-05-28,PREMIUM
U04786,2021-07-03,BASIC
U01480,2023-08-13,PREMIUM
U06416,2021-09-14,BASIC
U01926,2021-07-15,BASIC
U1323,2023-08-02,PREMIUM
U0654,2022-02-22,PREMIUM
U00555,2021-03-25,BASIC
U03460,2021-05-05,BASIC
U03875,2021-10-10,BASIC
U00664,2022-06-04,PREMIUM
U07400,2023-04-28,BASIC
U04457,2022-04-24,BASIC
U01115,2023-01-11,BASIC
U01305,2023-07-06,BASIC
U1625,2021-10-27,PREMIUM
U0888,2023-06-16,PREMIUM
U05182,2023-06-02,BASIC
U04501,2023-06-14,BASIC
U01310,2022-08-03,BASIC
U1802,2021-08-16,BASIC
U0728,2022-07-06,PREMIUM
U06471,2021-07-05,PREMIUM
U03371,2022-07-23,PREMIUM
U01793,2022-12-05,BASIC
U07522,2023-08-18,BASIC
U05331,2022-08-01,PREMIUM
U03911,2022-02-07,BASIC
U04827,2021-06-04,BASIC
U05265,2022-03-23,PREMIUM
U1701,2022-10-08,BASIC
U02514,2021-06-17,PREMIUM
U00433,2022-06-20,BASIC
U02662,2022-07-22,BASIC
U06887,2021-03-10,BASIC
U03586,2023-08-05,BASIC
U1769,2022-05-14,PREMIUM
U06762,2021-12-13,BASIC
U07213,2022-03-24,BASIC
U03266,2022-11-13,BASIC
U01411,2022-02-27,BASIC
U1324,2022-07-17,PREMIUM
U1919,2021-05-27,BASIC
U1875,2023-01-05,BASIC
U06033,2021-11-10,BASIC
U0920,2021-09-09,BASIC
U01359,2023-06-02,PREMIUM
U0128,2021-02-27,BASIC
U1327,2022-05-14,BASIC
U00807,2021-01-08,BASIC
U07945,2021-01-25,BASIC
U1306,2023-01-24,BASIC
U07594,2022-08-09,PREMIUM
U04589,2023-09-11,BASIC
U06102,2021-10-14,PREMIUM
U0293,2021-04-05,BASIC
U06691,2022-06-24,BASIC
U00748,2023-06-21,BASIC
U04702,2022-10-27,PREMIUM
U03777,2021-11-04,PREMIUM
U0094,2022-09-02,BASIC
U0612,2023-01-06,BASIC
U1562,2021-12-15,BASIC
U03644,2023-08-11,BASIC
U02206,2021-03-16,BASIC
U01131,2023-08-14,BASIC
U04862,2023-07-04,BASIC
U07907,2022-01-13,PREMIUM
U01970,2021-06-10,BASIC
U03745,2021-07-10,BASIC
U04228,2022-09-14,PREMIUM
U1506,2022-06-22,BASIC
U0184,2022-05-26,PREMIUM
U00766,2022-04-30,BASIC
U05662,2021-03-17,BASIC
U1566,2022-01-21,BASIC
U00987,2022-10-06,BASIC
U03648,2021-09-05,BASIC
U03851,2021-11-09,PREMIUM
U01479,2023-02-15,BASIC
U05560,2021-07-09,PREMIUM
U01560,2021-04-29,BASIC
U00811,2022-10-31,BASIC
U07115,2022-02-19,BASIC
U02863,2023-01-01,BASIC
U04588,2023-04-18,BASIC
U01418,2022-05-08,BASIC
U0590,2021-05-03,BASIC
U01910,2022-09-10,BASIC
U0105,2023-05-22,BASIC
U1595,2021-06-12,BASIC
U07503,2023-01-06,PREMIUM
U02484,2022-09-10,PREMIUM
U04578,2023-03-01,PREMIUM
U01684,2023-06-19,PREMIUM
U03878,2023-06-21,BASIC
U06389,2021-01-31,BASIC
U00055,2022-08-31,PREMIUM
U1892,2021-12-12,BASIC
U03509,2022-04-01,BASIC
U06516,2022-07-08,BASIC
U05512,2021-01-13,BASIC
U06153,2021-02-27,PREMIUM
U1556,2022-11-01,BASIC
U05863,2023-04-16,BASIC
U07161,2021-04-08,BASIC
U03690,2023-04-06,BASIC
U0679,2022-11-22,BASIC
U03229,2023-09-09,PREMIUM
U04984,2023-04-25,BASIC
U1348,2022-10-05,BASIC
U00894,2022-12-12,BASIC
U0701,2022-02-11,BASIC
U01205,2022-04-01,BASIC
U02407,2021-08-20,PREMIUM
U1835,2023-05-06,PREMIUM
U06382,2022-05-23,PREMIUM
U1052,2022-11-07,PREMIUM
U06823,2021-05-06,PREMIUM
U04465,2021-09-13,BASIC
U1180,2023-03-06,BASIC
U07925,2023-09-11,BASIC
U04190,2022-10-07,BASIC
U03871,2021-05-06,BASIC
U00879,2022-08-17,PREMIUM
U0924,2022-01-28,BASIC
U01781,2023-05-28,BASIC
U0857,2021-12-22,PREMIUM
U06327,2022-02-26,BASIC
U07243,2022-05-28,BASIC
U04380,2021-03-14,PREMIUM
U1924,2021-12-29,BASIC
U04966,2023-07-02,BASIC
U01917,2021-08-16,BASIC
U1596,2021-01-27,BASIC
U0925,2021-06-17,BASIC
U06064,2022-10-23,BASIC
U03404,2021-07-29,PREMIUM
U00442,2021-07-25,BASIC
U01105,2022-06-15,PREMIUM
U06587,2022-04-10,BASIC
U04793,2023-08-03,BASIC
U03652,2022-08-04,PREMIUM
U1166,2021-10-16,BASIC
U03081,2021-03-29,PREMIUM
U07018,2022-06-06,PREMIUM
U03069,2022-08-14,BASIC
U01444,2022-08-17,BASIC
U06453,2023-01-17,PREMIUM
U05275,2021-05-17,PREMIUM
U04107,2021-10-02,BASIC
U1362,2023-05-31,BASIC
U07718,2023-06-13,BASIC
U00155,2023-06-10,BASIC
U02922,2021-01-19,PREMIUM
U03362,2022-05-06,BASIC
U07737,2022-01-15,BASIC
U03959,2021-06-03,PREMIUM
U06413,2021-09-12,BASIC
U06434,2021-12-23,BASIC
U01185,2022-06-26,BASIC
U04794,2023-01-12,BASIC
U01201,2021-03-25,BASIC
U07371,2023-08-21,PREMIUM
U1579,2021-11-11,BASIC
U02583,2022-06-24,BASIC
U04194,2021-08-30,PREMIUM
U06937,2022-05-02,BASIC
U05151,2023-07-15,BASIC
U07848,2021-01-12,BASIC
U02108,2022-09-18,PREMIUM
U02128,2022-06-28,BASIC
U06302,2021-11-30,PREMIUM
U01968,2022-03-21,BASIC
U1144,2021-01-11,BASIC
U06498,2021-05-24,PREMIUM
U07301,2022-05-21,BASIC
U04350,2021-03-12,BASIC
U01589,2022-10-27,PREMIUM
U05374,2022-10-25,BASIC
U01867,2022-08-05,BASIC
U06489,2022-01-18,PREMIUM
U02133,2023-06-06,BASIC
U0499,2022-03-13,BASIC
U1414,2023-05-11,PREMIUM
U04155,2022-07-03,PREMIUM
U02136,2022-07-29,PREMIUM
U03340,2022-06-13,BASIC
U0434,2023-02-06,BASIC
U0520,2022-05-15,PREMIUM
U1142,2021-07-10,BASIC
U0954,2023-06-11,PREMIUM
U1077,2022-04-01,BASIC
U02457,2022-02-28,BASIC
U1321,2023-08-15,BASIC
U03858,2022-03-27,PREMIUM
U02333,2022-01-11,BASIC
U06543,2021-03-08,BASIC
U00042,2023-06-13,PREMIUM
U05333,2023-06-18,BASIC
U05319,2022-03-10,BASIC
U05781,2023-05-11,PREMIUM
U02661,2022-02-25,BASIC
U05315,2022-11-18,BASIC
U00777,2021-08-30,BASIC
U02147,2023-01-05,BASIC
U00325,2022-12-06,PREMIUM
U1988,2022-10-25,PREMIUM
U00619,2023-08-12,PREMIUM
U00413,2021-07-27,BASIC
U0529,2022-02-26,BASIC
U04175,2023-04-16,PREMIUM
U05050,2022-06-28,BASIC
U07274,2023-08-31,PREMIUM
U01137,2023-02-15,BASIC
U05789,2023-08-28,BASIC
U03042,2022-02-16,BASIC
U01807,2023-02-02,BASIC
U0757,2021-06-22,PREMIUM
U00656,2021-08-25,PREMIUM
U03923,2022-07-23,BASIC
U04189,2023-07-14,BASIC
U06087,2022-07-10,BASIC
U04744,2021-12-09,BASIC
U05628,2022-09-16,BASIC
U03682,2021-02-07,BASIC
U05009,2023-04-29,BASIC
U07688,2021-11-30,BASIC
U00204,2021-06-25,PREMIUM
U04109,2022-03-19,BASIC
U04419,2022-12-17,BASIC
U0477,2022-08-03,BASIC
U06381,2021-06-05,PREMIUM
U0718,2021-05-25,PREMIUM
U03833,2023-08-16,PREMIUM
U02927,2022-05-03,BASIC
U0044,2023-06-05,BASIC
U02725,2022-07-03,PREMIUM
U00389,2023-05-19,BASIC
U07730,2021-03-28,PREMIUM
U03023,2021-10-08,BASIC
U02393,2022-03-07,BASIC
U03150,2023-03-21,PREMIUM
U01223,2021-12-07,BASIC
U01884,2021-07-07,BASIC
U07440,2023-01-21,BASIC
U04626,2023-07-03,BASIC
U03920,2023-04-11,BASIC
U00791,2022-03-03,BASIC
U1491,2022-04-16,PREMIUM
U06910,2022-06-05,BASIC
U1347,2022-11-16,BASIC
U07082,2021-08-18,BASIC
U02110,2021-02-09,BASIC
U06515,2021-07-16,BASIC
U01257,2021-08-04,BASIC
U00692,2021-05-25,BASIC
U07514,2023-08-14,BASIC
U04963,2022-01-06,BASIC
U0536,2023-07-09,BASIC
U06884,2022-09-03,PREMIUM
U07882,2023-01-24,PREMIUM
U03164,2021-08-15,BASIC
U03831,2021-08-28,BASIC
U05955,2022-08-19,BASIC
U03960,2023-07-28,BASIC
U07273,2022-11-25,PREMIUM
U01477,2023-01-29,BASIC
U01507,2022-04-28,PREMIUM
U02751,2023-06-28,BASIC
U00479,2021-04-12,PREMIUM
U07492,2021-11-10,PREMIUM
U04617,2022-11-30,BASIC
U05415,2023-06-10,PREMIUM
U05588,2023-09-03,BASIC
U03346,2022-03-17,BASIC
U07865,2022-10-13,BASIC
U05113,2022-12-02,PREMIUM
U1629,2023-03-05,BASIC
U06518,2022-04-25,PREMIUM
U03272,2022-02-25,BASIC
U03098,2023-07-12,PREMIUM
U00906,2023-07-29,BASIC
U1352,2021-02-23,BASIC
U1260,2023-05-15,PREMIUM
U03966,2021-08-18,BASIC
U04244,2022-03-01,BASIC
U04349,2021-01-17,PREMIUM
U05876,2022-04-23,PREMIUM
U07818,2023-03-17,PREMIUM
U01228,2022-03-25,BASIC
U07746,2023-03-19,BASIC
U01980,2022-10-26,BASIC
U02385,2023-09-04,BASIC
U05858,2022-09-30,BASIC
U01541,2021-08-11,PREMIUM
U03684,2022-02-24,BASIC
U00829,2022-06-22,PREMIUM
U05660,2022-01-28,BASIC
U02998,2021-10-22,BASIC
U0266,2023-04-27,BASIC
U01264,2023-08-06,BASIC
U04388,2022-03-01,PREMIUM
U05953,2022-11-25,BASIC
U1792,2021-02-16,PREMIUM
U00904,2022-05-12,BASIC
U00260,2023-01-31,BASIC
U05404,2021-12-26,PREMIUM
U01523,2022-05-14,PREMIUM
U00732,2021-10-11,BASIC
U03498,2021-06-05,BASIC
U02480,2023-01-27,PREMIUM
U0980,2021-05-17,BASIC
U05068,2021-10-14,BASIC
U00586,2022-09-23,BASIC
U03443,2021-05-19,BASIC
U01198,2022-09-25,PREMIUM
U06525,2023-08-25,BASIC
U05684,2023-09-21,BASIC
U03378,2023-01-23,PREMIUM
U0572,2021-05-25,PREMIUM
U03279,2021-02-02,PREMIUM
U1434,2022-12-10,BASIC
U01506,2022-02-12,BASIC
U0288,2022-12-03,PREMIUM
U1481,2021-05-29,PREMIUM
U00511,2022-08-12,BASIC
U07406,2021-06-20,BASIC
U1817,2023-03-16,BASIC
U03265,2022-11-24,PREMIUM
U02605,2023-09-02,BASIC
U0252,2023-01-06,BASIC
U02596,2021-09-15,BASIC
U03729,2022-04-25,BASIC
U01772,2022-11-01,BASIC
U00508,2023-08-31,BASIC
U03109,2021-07-17,BASIC
U00852,2021-08-08,BASIC
U04487,2022-04-25,BASIC
U03364,2021-02-18,PREMIUM
U05444,2022-01-20,PREMIUM
U02448,2022-04-12,BASIC
U02462,2023-05-02,BASIC
U07515,2021-07-28,BASIC
U00507,2023-01-15,PREMIUM
U0527,2022-06-26,BASIC
U06399,2022-05-04,BASIC
U1069,2022-12-31,BASIC
U1679,2021-01-18,BASIC
U01349,2022-04-02,PREMIUM
U00737,2023-09-24,PREMIUM
U05821,2023-08-23,BASIC
U02990,2022-03-26,BASIC
U07896,2022-02-14,PREMIUM
U03819,2023-06-08,PREMIUM
U02327,2023-07-25,BASIC
U04721,2023-06-19,BASIC
U06788,2021-02-27,PREMIUM
U02552,2022-04-30,BASIC
U06574,2022-03-04,PREMIUM
U05849,2021-05-28,BASIC
U00105,2023-09-24,PREMIUM
U03815,2021-11-11,BASIC
U07106,2022-11-18,PREMIUM
U05455,2022-11-09,BASIC
U0113,2023-09-25,PREMIUM
U05904,2021-04-17,BASIC
U06320,2022-05-22,BASIC
U06725,2023-07-10,PREMIUM
U1135,2022-04-19,BASIC
U06376,2021-10-10,BASIC
U1698,2021-04-13,PREMIUM
U04389,2022-05-14,BASIC
U04507,2022-02-04,PREMIUM
U06966,2022-08-17,BASIC
U02489,2023-02-16,BASIC
U0064,2021-02-17,BASIC
U0390,2022-02-11,PREMIUM
U05042,2022-02-26,PREMIUM
U03895,2021-07-16,BASIC
U02935,2022-07-03,PREMIUM
U00936,2021-10-27,PREMIUM
U05324,2021-03-28,BASIC
U00437,2023-07-05,PREMIUM
U0166,2021-01-03,BASIC
U06677,2022-12-27,PREMIUM
U01048,2022-09-04,PREMIUM
U07656,2022-12-13,PREMIUM
U06421,2021-03-31,BASIC
U05668,2021-09-08,BASIC
U04409,2021-08-20,BASIC
U02253,2022-09-21,BASIC
U03579,2023-07-26,PREMIUM
U01295,2022-03-12,BASIC
U02036,2021-08-02,BASIC
U06114,2021-09-08,PREMIUM
U02292,2022-02-28,BASIC
U02336,2022-10-16,BASIC
U03933,2021-11-21,BASIC
U01879,2023-03-20,BASIC
U03430,2022-08-05,BASIC
U02755,2023-04-01,BASIC
U02888,2021-11-19,PREMIUM
U0875,2022-05-11,PREMIUM
U06235,2023-01-12,BASIC
U06377,2022-06-28,BASIC
U00563,2022-05-30,BASIC
U01803,2021-05-26,PREMIUM
U00642,2022-08-01,BASIC
U07665,2023-07-01,PREMIUM
U02492,2023-03-28,BASIC
U00349,2023-07-17,BASIC
U0117,2021-03-10,BASIC
U00783,2021-08-05,BASIC
U03654,2021-09-11,PREMIUM
U06545,2022-06-04,BASIC
U06679,2022-03-16,BASIC
U04435,2022-06-16,PREMIUM
U1032,2021-02-27,BASIC
U06450,2023-01-29,PREMIUM
U00577,2021-08-31,PREMIUM
U0830,2022-07-21,PREMIUM
U01342,2022-01-17,PREMIUM
U05039,2022-12-21,BASIC
U0359,2021-02-24,PREMIUM
U07062,2021-11-23,PREMIUM
U07354,2022-09-02,PREMIUM
U0472,2023-04-14,BASIC
U07965,2021-08-17,BASIC
U03634,2023-08-17,BASIC
U1427,2023-06-04,BASIC
U02955,2023-03-13,PREMIUM
U04935,2022-02-28,BASIC
U05106,2022-11-30,BASIC
U0912,2021-09-13,BASIC
U00776,2022-11-24,BASIC
U05472,2021-06-12,BASIC
U04421,2021-07-04,BASIC
U01515,2023-07-16,BASIC
U03480,2022-03-03,BASIC
U06402,2022-11-01,PREMIUM
U0548,2022-07-11,BASIC
U04971,2023-04-11,BASIC
U0289,2023-08-10,BASIC
U01165,2023-04-25,BASIC
U02680,2023-05-31,PREMIUM
U00620,2023-08-15,BASIC
U01614,2023-02-19,BASIC
U0731,2022-04-21,PREMIUM
U06096,2023-06-10,PREMIUM
U06374,2022-09-27,PREMIUM
U01794,2021-01-19,BASIC
U01573,2022-11-24,BASIC
U07982,2021-12-09,PREMIUM
U1298,2023-03-26,BASIC
U03558,2023-08-19,BASIC
U07832,2023-02-08,BASIC
U01441,2022-07-18,BASIC
U1157,2023-01-28,BASIC
U07325,2022-02-15,PREMIUM
U03257,2022-11-18,BASIC
U0182,2023-09-18,PREMIUM
U03169,2021-01-13,PREMIUM
U02816,2022-11-16,PREMIUM
U04266,2022-01-07,BASIC
U1045,2023-05-27,PREMIUM
U1544,2023-01-28,BASIC
U06909,2023-02-07,BASIC
U05057,2021-06-26,BASIC
U0747,2021-01-01,PREMIUM
U04180,2021-01-03,BASIC
U00668,2022-08-22,BASIC
U01195,2021-09-05,PREMIUM
U00892,2021-03-06,BASIC
U05775,2023-04-17,BASIC
U00623,2023-03-16,BASIC
U04010,2022-07-14,BASIC
U03958,2021-01-22,BASIC
U0208,2023-05-11,BASIC
U00372,2021-05-10,PREMIUM
U05916,2022-08-30,BASIC
U1160,2022-06-07,BASIC
U06508,2021-09-22,PREMIUM
U04027,2021-06-13,BASIC
U0658,2022-06-09,PREMIUM
U06726,2022-05-04,PREMIUM
U06651,2021-06-24,BASIC
U05875,2022-05-05,BASIC
U06892,2022-10-20,PREMIUM
U01122,2023-06-10,BASIC
U07024,2023-07-03,PREMIUM
U0298,2022-08-25,BASIC
U01408,2022-04-16,BASIC
U00341,2022-04-05,PREMIUM
U03969,2022-07-07,BASIC
U04582,2023-09-02,BASIC
U00567,2023-05-24,BASIC
U05728,2023-01-25,PREMIUM
U05822,2023-08-08,BASIC
U04715,2021-11-11,PREMIUM
U04997,2021-01-18,PREMIUM
U04944,2021-12-09,BASIC
U05796,2021-07-14,BASIC
U06977,2023-06-13,BASIC
U1943,2021-05-06,BASIC
U00106,2023-07-28,BASIC
U04736,2022-11-25,BASIC
U07780,2021-12-23,BASIC
U04226,2022-01-24,BASIC
U07152,2023-02-20,BASIC
U02996,2022-05-23,BASIC
U06971,2021-11-21,BASIC
U04841,2021-08-11,BASIC
U03059,2023-09-01,PREMIUM
U03848,2022-01-11,PREMIUM
U02436,2023-07-23,BASIC
U01486,2023-08-14,PREMIUM
U07495,2022-08-17,BASIC
U03320,2021-05-04,PREMIUM
U01818,2021-09-17,BASIC
U03731,2022-12-27,BASIC
U06905,2021-03-08,BASIC
U05842,2023-07-04,BASIC
U07891,2021-08-04,BASIC
U0822,2023-02-02,BASIC
U07425,2022-10-21,BASIC
U04309,2023-06-30,BASIC
U07306,2021-02-21,BASIC
U06904,2021-01-08,BASIC
U1248,2023-02-03,PREMIUM
U06059,2021-05-03,BASIC
U07483,2023-05-05,BASIC
U00465,2023-02-28,BASIC
U06291,2023-01-17,PREMIUM
U0286,2022-05-21,BASIC
U0465,2022-02-15,PREMIUM
U07928,2021-01-18,BASIC
U04193,2021-01-21,BASIC
U07652,2021-02-18,PREMIUM
U1911,2022-04-06,PREMIUM
U0370,2021-07-05,PREMIUM
U07629,2022-06-22,PREMIUM
U03716,2021-09-29,BASIC
U05197,2022-01-25,PREMIUM
U03717,2022-07-25,PREMIUM
U02402,2022-10-21,BASIC
U07292,2023-04-15,BASIC
U03390,2023-07-12,PREMIUM
U02168,2022-01-07,PREMIUM
U02953,2022-06-19,PREMIUM
U00689,2021-05-10,BASIC
U02392,2021-12-09,BASIC
U03862,2021-06-28,BASIC
U03983,2021-05-14,BASIC
U02929,2022-06-26,BASIC
U04737,2022-12-23,PREMIUM
U00609,2023-08-08,PREMIUM
U05468,2022-05-11,PREMIUM
U1551,2022-01-20,BASIC
U02017,2021-10-21,BASIC
U07264,2022-08-22,BASIC
U00979,2021-05-24,BASIC
U03714,2023-08-26,PREMIUM
U07858,2022-03-17,BASIC
U03475,2021-12-18,BASIC
U1523,2023-08-11,PREMIUM
U06253,2023-07-10,BASIC
U05683,2023-07-13,BASIC
U03099,2022-11-05,PREMIUM
U04807,2021-01-29,BASIC
U03805,2022-05-03,PREMIUM
U01554,2023-04-16,BASIC
U07971,2023-01-28,BASIC
U01362,2022-02-04,PREMIUM
U06251,2021-11-13,PREMIUM
U00412,2022-05-07,PREMIUM
U02509,2021-11-29,BASIC
U06464,2021-09-16,BASIC
U01984,2021-01-28,PREMIUM
U1484,2022-02-23,PREMIUM
U04650,2021-12-17,BASIC
U00296,2022-04-12,BASIC
U00255,2021-01-07,BASIC
U01613,2022-05-12,BASIC
U03355,2022-11-24,BASIC
U0889,2021-04-30,BASIC
U05917,2022-12-22,BASIC
U05661,2021-11-12,PREMIUM
U1037,2021-10-23,BASIC
U06862,2021-01-10,BASIC
U03651,2023-05-27,BASIC
U07846,2021-01-19,BASIC
U1398,2022-07-20,PREMIUM
U05824,2021-01-30,PREMIUM
U0859,2021-09-10,PREMIUM
U05260,2023-07-27,PREMIUM
U06845,2023-05-22,BASIC
U03732,2022-05-20,BASIC
U01091,2022-08-20,PREMIUM
U05228,2023-08-20,PREMIUM
U05308,2021-09-28,BASIC
U04510,2023-06-18,BASIC
U1552,2022-11-01,BASIC
U07094,2022-04-29,BASIC
U04097,2021-11-27,BASIC
U04055,2021-09-28,BASIC
U03166,2023-05-23,BASIC
U1457,2022-09-22,BASIC
U06169,2022-11-06,PREMIUM
U04922,2023-03-01,PREMIUM
U00702,2022-04-05,BASIC
U06205,2021-01-26,BASIC
U0013,2023-05-28,PREMIUM
U06945,2023-01-05,BASIC
U03406,2022-12-15,PREMIUM
U05221,2022-10-30,BASIC
U05504,2022-03-24,PREMIUM
U00944,2022-05-13,PREMIUM
U04303,2021-09-04,BASIC
U1326,2023-07-21,BASIC
U00310,2021-10-05,BASIC
U00679,2021-11-14,BASIC
U06218,2021-07-26,BASIC
U05731,2021-07-06,BASIC
U00596,2022-10-24,BASIC
U03886,2023-06-07,BASIC
U0233,2022-04-21,BASIC
U1601,2021-12-10,PREMIUM
U04833,2021-03-14,BASIC
U05816,2023-06-17,PREMIUM
U00856,2022-07-29,BASIC
U02411,2023-02-27,PREMIUM
U1232,2021-02-17,BASIC
U02719,2021-09-02,BASIC
U07519,2021-07-10,BASIC
U04596,2022-01-27,BASIC
U0322,2022-11-23,BASIC
U05330,2022-08-24,BASIC
U03432,2021-09-29,BASIC
U01929,2023-09-14,BASIC
U04057,2022-08-28,BASIC
U05591,2022-04-03,BASIC
U05124,2022-08-31,BASIC
U04574,2023-02-20,PREMIUM
U04537,2023-01-04,PREMIUM
U06915,2022-04-30,BASIC
U06277,2021-03-16,BASIC
U00332,2022-12-05,BASIC
U01517,2021-08-16,BASIC
U00189,2022-06-05,BASIC
U0579,2023-05-14,BASIC
U05259,2023-06-16,PREMIUM
U03668,2022-01-26,BASIC
U03061,2023-04-30,BASIC
U0919,2021-05-24,PREMIUM
U06850,2023-06-12,BASIC
U07930,2023-01-02,BASIC
U00070,2021-08-27,BASIC
U07084,2021-06-21,BASIC
U06746,2022-09-07,PREMIUM
U1697,2021-03-27,BASIC
U07376,2023-07-29,BASIC
U03105,2023-03-30,BASIC
U03462,2021-09-30,PREMIUM
U0790,2021-06-05,PREMIUM
U1308,2021-02-22,PREMIUM
U00983,2022-10-20,BASIC
U03071,2023-09-18,BASIC
U01076,2022-03-31,BASIC
U06929,2021-05-10,BASIC
U01280,2022-06-21,BASIC
U00137,2023-07-26,PREMIUM
U06943,2021-06-28,BASIC
U02972,2021-10-17,BASIC
U04197,2022-09-13,BASIC
U0906,2023-04-19,PREMIUM
U05733,2022-10-18,BASIC
U03326,2021-04-14,BASIC
U07642,2023-03-21,PREMIUM
U04162,2022-05-27,BASIC
U00561,2022-02-14,BASIC
U0655,2023-04-21,BASIC
U0948,2021-03-31,PREMIUM
U04727,2023-07-10,BASIC
U00469,2021-12-04,BASIC
U0183,2022-03-18,PREMIUM
U04799,2022-08-10,BASIC
U1750,2021-03-16,BASIC
U03309,2022-10-06,BASIC
U05629,2022-01-11,BASIC
U01643,2021-08-01,BASIC
U1187,2023-02-15,BASIC
U06142,2023-08-29,PREMIUM
U01260,2021-05-14,BASIC
U02665,2022-07-13,PREMIUM
U1519,2022-01-06,PREMIUM
U04368,2023-02-04,BASIC
U00598,2021-12-18,BASIC
U0431,2023-09-10,BASIC
U00914,2023-04-22,BASIC
U00845,2022-10-16,BASIC
U02029,2021-10-04,BASIC
U03490,2021-02-13,BASIC
U06636,2022-05-02,BASIC
U06039,2022-02-24,BASIC
U07234,2022-02-26,BASIC
U1715,2023-07-17,PREMIUM
U0338,2021-11-19,PREMIUM
U0454,2023-09-15,BASIC
U01823,2022-02-03,BASIC
U1190,2022-08-27,BASIC
U0861,2021-06-03,BASIC
U0547,2021-08-05,PREMIUM
U04158,2022-06-14,BASIC
U0635,2023-04-20,BASIC
U03771,2022-04-22,BASIC
U01759,2022-06-10,BASIC
U00368,2021-06-06,PREMIUM
U03285,2022-09-30,PREMIUM
U02372,2022-10-23,BASIC
U04885,2023-03-19,PREMIUM
U05013,2022-08-12,BASIC
U0614,2022-07-04,PREMIUM
U06463,2021-10-01,BASIC
U1089,2023-03-22,BASIC
U0996,2023-04-27,BASIC
U06509,2023-08-12,PREMIUM
U07033,2021-06-01,BASIC
U1752,2022-09-08,PREMIUM
U05771,2022-01-11,BASIC
U07910,2021-02-20,BASIC
U1696,2021-07-13,BASIC
U01903,2021-09-27,BASIC
U01012,2023-04-02,PREMIUM
U03043,2023-05-28,BASIC
U06827,2023-07-01,BASIC
U00252,2022-10-29,BASIC
U04535,2022-01-21,BASIC
U03041,2021-06-27,BASIC
U00348,2021-03-20,PREMIUM
U07284,2023-07-08,BASIC
U03487,2023-05-04,BASIC
U00786,2021-07-04,PREMIUM
U03121,2023-04-08,BASIC
U05552,2022-04-08,BASIC
U03557,2021-11-20,BASIC
U03601,2022-02-09,PREMIUM
U05632,2023-04-15,BASIC
U1146,2022-05-05,PREMIUM
U00806,2022-01-10,PREMIUM
U03876,2021-05-20,BASIC
U00088,2023-08-16,PREMIUM
U01753,2021-01-20,BASIC
U03614,2022-01-03,BASIC
U00261,2021-01-31,BASIC
U02019,2022-07-25,BASIC
U04115,2023-08-28,BASIC
U04060,2023-07-12,BASIC
U00426,2022-07-16,PREMIUM
U06036,2022-03-30,BASIC
U01858,2023-04-12,BASIC
U0276,2023-04-13,BASIC
U06172,2021-12-30,BASIC
U05593,2022-10-20,BASIC
U06099,2021-02-12,BASIC
U05322,2022-04-16,PREMIUM
U06565,2021-01-15,BASIC
U02741,2022-05-15,BASIC
U06596,2023-03-02,PREMIUM
U02464,2022-11-20,PREMIUM
U03530,2021-05-09,BASIC
U0712,2021-05-19,BASIC
U1040,2023-07-23,BASIC
U07223,2023-04-14,BASIC
U02787,2022-03-11,BASIC
U04336,2023-08-02,BASIC
U1530,2022-03-18,BASIC
U05801,2022-03-12,BASIC
U02939,2021-05-21,BASIC
U00706,2023-07-08,BASIC
U03287,2022-06-12,BASIC
U1981,2023-08-01,BASIC
U05483,2023-01-23,PREMIUM
U00095,2022-08-08,PREMIUM
U06752,2021-03-29,PREMIUM
U01493,2023-07-29,BASIC
U1083,2021-03-02,BASIC
U0967,2023-08-01,BASIC
U1997,2021-02-08,BASIC
U06603,2021-07-09,PREMIUM
U05356,2023-06-08,BASIC
U02398,2021-06-23,PREMIUM
U07183,2021-12-06,PREMIUM
U03570,2021-02-10,BASIC
U0428,2021-04-23,BASIC
U02122,2021-09-17,BASIC
U05482,2021-09-26,PREMIUM
U0680,2023-04-10,PREMIUM
U00917,2023-02-16,PREMIUM
U0075,2021-10-05,BASIC
U0273,2022-04-15,PREMIUM
U03926,2022-07-28,BASIC
U07597,2021-10-01,BASIC
U00996,2021-02-08,PREMIUM
U05111,2021-06-05,BASIC
U06615,2021-02-25,PREMIUM
U05358,2023-06-20,BASIC
U00644,2022-02-22,BASIC
U04555,2022-01-04,PREMIUM
U02510,2021-05-07,PREMIUM
U00307,2021-08-10,BASIC
U04504,2023-07-14,BASIC
U04262,2022-08-22,PREMIUM
U02197,2023-09-08,BASIC
U03564,2022-02-08,BASIC
U02842,2022-08-05,PREMIUM
U02657,2022-10-30,BASIC
U06149,2022-07-12,BASIC
U02170,2022-03-10,BASIC
U01851,2023-07-04,BASIC
U07849,2021-03-22,BASIC
U06403,2021-10-05,PREMIUM
U03255,2021-06-05,PREMIUM
U05886,2021-06-30,PREMIUM
U03535,2023-01-23,BASIC
U00416,2021-03-01,PREMIUM
U01556,2022-09-09,BASIC
U02693,2022-01-23,BASIC
U02500,2021-07-02,PREMIUM
U00197,2023-09-11,BASIC
U03047,2021-01-22,BASIC
U00602,2022-10-05,BASIC
U0168,2021-05-10,BASIC
U02766,2022-05-12,BASIC
U02316,2022-01-10,BASIC
U01368,2022-07-06,BASIC
U04067,2022-01-12,BASIC
U04584,2022-01-23,BASIC
U00635,2022-09-09,BASIC
U05339,2022-09-20,BASIC
U03635,2021-07-08,PREMIUM
U07170,2022-07-04,BASIC
U06791,2021-05-14,BASIC
U00436,2023-06-18,BASIC
U06279,2021-11-01,PREMIUM
U04760,2023-08-30,BASIC
U04613,2023-06-21,BASIC
U02522,2021-09-25,BASIC
U03589,2022-08-11,BASIC
U01547,2023-08-20,PREMIUM
U03967,2021-01-20,BASIC
U03994,2021-04-10,BASIC
U06807,2022-06-15,PREMIUM
U03533,2022-08-28,PREMIUM
U03446,2021-10-01,BASIC
U0665,2023-07-18,BASIC
U04112,2022-05-19,BASIC
U04866,2023-08-04,BASIC
U05962,2022-03-20,BASIC
U1262,2023-04-12,BASIC
U02666,2021-05-28,BASIC
U02458,2021-05-22,BASIC
U00763,2021-04-29,BASIC
U02857,2022-05-14,PREMIUM
U1047,2022-05-08,BASIC
U01476,2022-12-16,PREMIUM
U05971,2022-02-25,BASIC
U02312,2021-03-04,BASIC
U00440,2021-06-02,BASIC
U01767,2023-06-19,PREMIUM
U04878,2022-07-18,BASIC
U03898,2023-09-17,BASIC
U03842,2022-10-22,BASIC
U06844,2023-01-18,BASIC
U07772,2022-04-25,BASIC
U0120,2022-05-15,BASIC
U02823,2022-05-02,PREMIUM
U04917,2022-01-18,PREMIUM
U01562,2023-02-06,BASIC
U01953,2021-01-21,BASIC
U1403,2022-11-18,BASIC
U03439,2022-11-30,BASIC
U07899,2021-09-03,BASIC
U0360,2021-08-08,BASIC
U00618,2021-06-08,BASIC
U0448,2021-04-14,BASIC
U01170,2021-07-27,BASIC
U00951,2021-12-02,BASIC
U1015,2021-10-18,BASIC
U1948,2022-04-17,BASIC
U1279,2021-01-25,BASIC
U00380,2023-04-29,BASIC
U01199,2021-10-13,PREMIUM
U03133,2021-04-11,PREMIUM
U1983,2021-09-09,BASIC
U02561,2022-01-13,BASIC
U02597,2021-03-22,BASIC
U05999,2023-02-27,PREMIUM
U01252,2022-11-09,PREMIUM
U02692,2021-01-31,BASIC
U06117,2022-10-07,PREMIUM
U05769,2021-09-10,BASIC
U02548,2022-11-04,BASIC
U05086,2021-12-03,BASIC
U01279,2021-09-23,BASIC
U05544,2021-06-13,BASIC
U04595,2022-06-24,BASIC
U02070,2021-06-27,PREMIUM
U02410,2022-07-04,BASIC
U06646,2023-04-30,PREMIUM
U06590,2022-05-09,BASIC
U05386,2021-07-11,BASIC
U01224,2023-02-09,BASIC
U06212,2022-03-16,BASIC
U1074,2021-10-11,BASIC
U01733,2021-05-12,BASIC
U06955,2022-10-27,BASIC
U02988,2021-07-07,BASIC
U01665,2022-02-17,PREMIUM
U00765,2021-07-17,PREMIUM
U1229,2022-04-19,BASIC
U05680,2022-12-28,PREMIUM
U05678,2023-06-03,BASIC
U02622,2022-10-20,BASIC
U1992,2021-09-08,BASIC
U1035,2022-08-10,BASIC
U01409,2023-04-06,BASIC
U0264,2022-10-31,BASIC
U00242,2023-03-27,PREMIUM
U00388,2023-09-03,PREMIUM
U07141,2021-12-27,PREMIUM
U0213,2023-03-26,BASIC
U02999,2022-03-27,BASIC
U01924,2022-03-17,PREMIUM
U00974,2022-10-31,BASIC
U01388,2022-06-03,BASIC
U05887,2021-10-15,PREMIUM
U06814,2023-01-19,BASIC
U02771,2021-10-27,BASIC
U1396,2022-01-12,BASIC
U0177,2021-03-16,BASIC
U00875,2022-09-06,BASIC
U02175,2022-01-12,PREMIUM
U00537,2021-12-25,BASIC
U07134,2021-09-04,BASIC
U1201,2022-05-22,BASIC
U0632,2022-11-13,BASIC
U07493,2021-02-01,BASIC
U0361,2023-06-16,BASIC
U0785,2022-06-04,PREMIUM
U05754,2021-03-13,BASIC
U04360,2023-04-01,BASIC
U03914,2022-04-22,BASIC
U04509,2023-09-18,BASIC
U05527,2022-09-04,BASIC
U02162,2022-10-07,BASIC
U02289,2022-08-19,BASIC
U05777,2022-12-21,PREMIUM
U04716,2023-06-20,BASIC
U0196,2022-09-05,PREMIUM
U0053,2021-09-01,PREMIUM
U1440,2021-11-02,BASIC
U06116,2021-10-18,BASIC
U01410,2023-06-07,BASIC
U0309,2023-03-26,BASIC
U00294,2022-11-06,BASIC
U07302,2021-07-12,PREMIUM
U0876,2023-06-13,BASIC
U05190,2022-05-21,PREMIUM
U04629,2021-11-27,BASIC
U03262,2023-08-30,BASIC
U04817,2023-07-31,BASIC
U07463,2022-12-05,BASIC
U1667,2022-08-31,BASIC
U07317,2021-10-25,BASIC
U07300,2022-04-15,BASIC
U01666,2021-01-30,BASIC
U1546,2023-06-10,BASIC
U0661,2022-10-25,BASIC
U1268,2021-04-09,BASIC
U03499,2023-07-27,PREMIUM
U06301,2023-02-21,BASIC
U1349,2021-05-26,PREMIUM
U07741,2022-11-30,BASIC
U1684,2021-03-14,BASIC
U01496,2021-04-11,BASIC
U07635,2022-03-09,BASIC
U07752,2021-12-05,BASIC
U04446,2023-04-12,BASIC
U02992,2021-01-13,BASIC
U00538,2021-08-11,PREMIUM
U1977,2023-05-09,BASIC
U01877,2022-09-04,BASIC
U05525,2023-07-04,PREMIUM
U1965,2023-02-14,BASIC
U03312,2023-07-14,PREMIUM
U05298,2021-01-10,BASIC
U00918,2021-01-03,PREMIUM
U06976,2022-04-12,BASIC
U03756,2021-04-06,PREMIUM
U1815,2021-02-10,BASIC
U05692,2022-05-05,BASIC
U03681,2023-04-24,BASIC
U01909,2023-09-18,PREMIUM
U07137,2022-01-22,BASIC
U00554,2022-04-04,PREMIUM
U00775,2021-10-03,PREMIUM
U04100,2022-08-29,BASIC
U01553,2022-01-17,BASIC
U01724,2023-01-05,BASIC
U07872,2021-04-22,PREMIUM
U0812,2021-09-03,BASIC
U06035,2021-05-30,PREMIUM
U02540,2022-11-20,BASIC
U04780,2021-04-28,BASIC
U0081,2022-12-28,BASIC
U02088,2022-07-21,BASIC
U04150,2022-11-11,BASIC
U06744,2023-07-06,PREMIUM
U07474,2023-03-17,PREMIUM
U05743,2022-12-01,BASIC
U0005,2023-02-06,PREMIUM
U05722,2023-03-21,PREMIUM
U06224,2021-02-11,BASIC
U06658,2023-01-31,BASIC
U01601,2021-10-15,BASIC
U01624,2021-12-26,BASIC
U01813,2021-04-28,BASIC
U01452,2022-07-08,BASIC
U02593,2023-07-01,BASIC
U0401,2023-01-19,PREMIUM
U07842,2021-05-01,PREMIUM
U0280,2021-07-24,BASIC
U07386,2023-07-22,BASIC
U00751,2023-08-15,BASIC
U01615,2021-08-21,BASIC
U1658,2021-07-22,BASIC
U0383,2023-01-01,PREMIUM
U05671,2023-03-02,BASIC
U1043,2022-09-21,BASIC
U01242,2021-05-23,BASIC
U00800,2023-03-24,PREMIUM
U02517,2021-11-28,BASIC
U03632,2021-10-10,BASIC
U07374,2023-07-04,BASIC
U01111,2021-06-16,PREMIUM
U02941,2022-10-10,BASIC
U02061,2021-04-07,BASIC
U1864,2021-12-01,BASIC
U05159,2021-02-13,BASIC
U06876,2022-06-05,BASIC
U04615,2021-02-25,BASIC
U1271,2021-06-01,BASIC
U03636,2021-06-13,BASIC
U02309,2021-06-22,BASIC
U01390,2021-04-02,PREMIUM
U01158,2021-04-26,PREMIUM
U07997,2023-07-04,BASIC
U00729,2022-07-30,PREMIUM
U04335,2021-04-03,BASIC
U07901,2022-07-10,PREMIUM
U06753,2023-06-02,BASIC
U06304,2023-03-09,BASIC
U04039,2021-06-25,BASIC
U01834,2022-05-20,BASIC
U06919,2021-06-13,BASIC
U02778,2023-08-17,PREMIUM
U02278,2022-07-04,BASIC
U0774,2022-11-08,PREMIUM
U05897,2023-05-14,BASIC
U07592,2023-07-14,BASIC
U05290,2023-07-09,BASIC
U0080,2022-09-05,BASIC
U01254,2022-03-05,BASIC
U00482,2023-02-18,BASIC
U0722,2023-09-24,BASIC
U04088,2023-03-13,PREMIUM
U01077,2021-06-09,BASIC
U06125,2023-08-20,BASIC
U05600,2022-09-02,PREMIUM
U04405,2022-11-24,PREMIUM
U03091,2022-10-30,BASIC
U05285,2022-06-21,BASIC
U07719,2022-09-02,PREMIUM
U06404,2021-07-22,BASIC
U04123,2022-05-09,BASIC
U05756,2022-12-04,BASIC
U1767,2022-03-18,BASIC
U04011,2023-07-06,BASIC
U02572,2023-03-30,BASIC
U07118,2023-06-11,BASIC
U07805,2021-09-24,BASIC
U00973,2022-06-23,BASIC
U04195,2022-03-31,PREMIUM
U06770,2022-06-17,BASIC
U02209,2021-06-25,BASIC
U01220,2023-01-19,BASIC
U0839,2022-07-04,BASIC
U01977,2022-08-21,BASIC
U02318,2022-05-23,PREMIUM
U05961,2023-02-17,BASIC
U05346,2023-02-04,PREMIUM
U05450,2022-03-02,PREMIUM
U0278,2021-02-04,PREMIUM
U1765,2022-03-21,PREMIUM
U07607,2022-03-09,BASIC
U05637,2021-04-06,PREMIUM
U02559,2023-01-07,BASIC
U02502,2022-07-05,BASIC
U02649,2021-04-28,BASIC
U00040,2022-03-02,BASIC
U07696,2021-05-01,BASIC
U04911,2021-03-27,BASIC
U00452,2023-08-14,BASIC
U01956,2021-05-11,BASIC
U00331,2021-09-27,PREMIUM
U07126,2022-05-13,PREMIUM
U05046,2023-04-10,PREMIUM
U03044,2021-02-22,BASIC
U07366,2023-09-12,BASIC
U02748,2021-06-14,PREMIUM
U07369,2022-03-16,PREMIUM
U07404,2022-08-09,BASIC
U04493,2021-07-30,BASIC
U04639,2021-10-26,PREMIUM
U05227,2021-01-28,PREMIUM
U00403,2021-06-11,PREMIUM
U03522,2023-01-10,PREMIUM
U1976,2022-06-10,BASIC
U06697,2021-02-06,BASIC
U04022,2021-10-28,BASIC
U04867,2021-03-12,BASIC
U0982,2021-06-03,BASIC
U01788,2021-11-10,BASIC
U02412,2022-05-20,BASIC
U04861,2023-07-14,BASIC
U04762,2022-12-27,BASIC
U03525,2023-01-30,BASIC
U03998,2022-02-17,BASIC
U06835,2021-07-01,PREMIUM
U03890,2021-02-19,BASIC
U00163,2021-01-03,PREMIUM
U01010,2023-06-05,BASIC
U0299,2022-03-11,PREMIUM
U04656,2023-03-14,PREMIUM
U1636,2021-06-09,PREMIUM
U07959,2021-10-16,BASIC
U02958,2022-01-19,BASIC
U04599,2022-07-29,BASIC
U06482,2023-05-31,BASIC
U02371,2023-02-06,BASIC
U00767,2023-01-27,BASIC
U01931,2021-03-11,BASIC
U05136,2022-07-21,BASIC
U06737,2021-06-07,BASIC
U05532,2021-02-13,BASIC
U05530,2021-05-02,BASIC
U0357,2023-06-16,BASIC
U00453,2023-04-11,PREMIUM
U04241,2022-07-01,PREMIUM
U05014,2021-07-07,PREMIUM
U01826,2021-03-19,BASIC
U06979,2021-11-14,BASIC
U00654,2021-09-25,BASIC
U07109,2021-04-26,PREMIUM
U01745,2022-02-09,BASIC
U00178,2023-08-10,BASIC
U07908,2022-01-25,BASIC
U07265,2023-06-01,BASIC
U01320,2023-04-26,BASIC
U04345,2021-10-22,BASIC
U00789,2021-07-03,BASIC
U02107,2021-10-10,BASIC
U04357,2021-11-10,PREMIUM
U1099,2023-02-08,BASIC
U01949,2021-05-22,BASIC
U02446,2021-10-10,BASIC
U00938,2023-02-22,BASIC
U07007,2023-01-02,BASIC
U05768,2021-03-04,PREMIUM
U03724,2023-02-06,BASIC
U05443,2021-04-21,BASIC
U00505,2021-08-13,BASIC
U06484,2022-08-28,BASIC
U00371,2023-03-11,PREMIUM
U02969,2023-08-31,BASIC
U03885,2021-04-28,PREMIUM
U00219,2021-08-12,PREMIUM
U03849,2021-01-22,BASIC
U00220,2021-11-14,PREMIUM
U01328,2023-05-11,BASIC
U04735,2022-07-21,BASIC
U01585,2023-07-25,BASIC
U07826,2023-07-02,PREMIUM
U01621,2022-09-30,BASIC
U05709,2022-08-20,PREMIUM
U04434,2021-12-01,BASIC
U01117,2022-11-07,BASIC
U1887,2021-03-22,BASIC
U03975,2022-04-28,PREMIUM
U00803,2023-08-04,BASIC
U01673,2021-04-21,BASIC
U01669,2022-01-02,BASIC
U07796,2022-01-22,BASIC
U03160,2022-05-11,BASIC
U03727,2023-09-04,BASIC
U02592,2022-01-22,PREMIUM
U00021,2021-06-20,BASIC
U05833,2021-08-09,BASIC
U00527,2021-11-01,BASIC
U06288,2023-03-02,BASIC
U07208,2023-09-26,PREMIUM
U01214,2022-05-24,BASIC
U0733,2023-03-22,BASIC
U03368,2021-08-04,BASIC
U04764,2023-08-01,BASIC
U00897,2023-07-04,BASIC
U0334,2023-08-31,BASIC
U03932,2022-07-24,PREMIUM
U02716,2023-04-07,PREMIUM
U07569,2022-12-29,PREMIUM
U01427,2023-09-22,PREMIUM
U04933,2022-05-01,BASIC
U04722,2023-01-28,PREMIUM
U05412,2023-07-24,BASIC
U04179,2023-04-03,BASIC
U05252,2021-07-05,BASIC
U03511,2022-08-26,PREMIUM
U00003,2022-01-07,PREMIUM
U1031,2022-10-15,BASIC
U0391,2021-03-11,BASIC
U07690,2022-10-28,BASIC
U03722,2022-03-19,BASIC
U1095,2022-02-19,PREMIUM
U07909,2022-10-19,BASIC
U03453,2021-06-03,BASIC
U06195,2023-05-27,BASIC
U04440,2023-01-03,BASIC
U05706,2021-04-09,BASIC
U0764,2023-07-25,BASIC
U0133,2022-09-15,BASIC
U06688,2022-11-30,BASIC
U04570,2021-06-05,BASIC
U07625,2021-09-04,BASIC
U01565,2021-05-29,PREMIUM
U03789,2021-03-06,BASIC
U02960,2022-02-18,BASIC
U1834,2023-08-16,PREMIUM
U00382,2023-01-18,PREMIUM
U01825,2022-07-13,PREMIUM
U01234,2022-10-28,BASIC
U06401,2022-06-26,PREMIUM
U01308,2022-06-21,BASIC
U0689,2021-09-13,BASIC
U01501,2021-03-28,PREMIUM
U04666,2022-05-16,PREMIUM
U1311,2021-04-16,BASIC
U03639,2022-06-20,PREMIUM
U06776,2021-06-26,BASIC
U04148,2021-07-07,BASIC
U07869,2022-06-06,PREMIUM
U06777,2021-12-09,PREMIUM
U04709,2022-09-14,PREMIUM
U07950,2021-06-29,PREMIUM
U05967,2021-12-27,PREMIUM
U01647,2022-07-16,BASIC
U00502,2021-08-30,PREMIUM
U03679,2023-08-22,BASIC
U03243,2022-06-20,BASIC
U04520,2023-07-27,PREMIUM
U00785,2023-03-08,BASIC
U04160,2021-03-04,BASIC
U01811,2023-08-29,BASIC
U07430,2021-03-22,BASIC
U07526,2022-07-07,BASIC
U06601,2021-01-25,BASIC
U0796,2023-03-11,PREMIUM
U03687,2023-08-23,PREMIUM
U06369,2023-07-09,BASIC
U03941,2022-03-01,BASIC
U00054,2022-02-20,PREMIUM
U1224,2022-06-16,PREMIUM
U04562,2022-11-09,BASIC
U01315,2021-05-08,PREMIUM
U02783,2021-04-21,PREMIUM
U06540,2022-08-12,BASIC
U04783,2021-06-15,PREMIUM
U0399,2022-10-23,BASIC
U1132,2021-08-27,BASIC
U0497,2021-03-27,PREMIUM
U04328,2023-08-04,BASIC
U06258,2022-10-14,PREMIUM
U0351,2023-09-10,PREMIUM
U07135,2023-02-15,PREMIUM
U01485,2023-07-02,BASIC
U03104,2023-06-30,BASIC
U03189,2023-01-19,PREMIUM
U01433,2021-11-04,BASIC
U07200,2021-05-10,BASIC
U05712,2022-11-16,PREMIUM
U03515,2023-06-08,BASIC
U0621,2022-02-18,PREMIUM
U01514,2023-04-06,BASIC
U00411,2021-09-28,BASIC
U01272,2021-05-10,BASIC
U03211,2021-08-15,PREMIUM
U06713,2022-02-23,PREMIUM
U1687,2023-04-08,BASIC
U07199,2022-05-18,BASIC
U06623,2023-01-02,BASIC
U01873,2023-07-20,BASIC
U01404,2023-01-12,BASIC
U02531,2022-03-29,PREMIUM
U0725,2022-04-06,BASIC
U00657,2022-06-14,BASIC
U1509,2021-10-14,BASIC
U05966,2023-04-25,PREMIUM
U06242,2021-11-24,PREMIUM
U05147,2022-07-19,BASIC
U05301,2021-06-01,PREMIUM
U03723,2021-06-11,PREMIUM
U1416,2023-02-24,PREMIUM
U06747,2023-07-08,PREMIUM
U06299,2023-05-15,BASIC
U1478,2023-03-09,PREMIUM
U01278,2023-02-07,BASIC
U05219,2023-05-01,BASIC
U05391,2021-11-07,BASIC
U07079,2021-01-01,BASIC
U06339,2022-03-17,BASIC
U01998,2023-04-22,BASIC
U0990,2022-07-29,PREMIUM
U02713,2022-07-17,BASIC
U0327,2023-09-24,BASIC
U07091,2023-07-18,BASIC
U01287,2021-04-05,PREMIUM
U01118,2023-06-18,BASIC
U04478,2021-05-16,PREMIUM
U01577,2021-10-15,BASIC
U07025,2021-08-03,PREMIUM
U02322,2021-04-30,BASIC
U07994,2022-08-24,BASIC
U00209,2021-11-12,PREMIUM
U02554,2023-01-21,BASIC
U05318,2021-12-17,BASIC
U01720,2021-01-20,BASIC
U0332,2023-07-12,BASIC
U02581,2022-01-12,BASIC
U1002,2023-06-17,PREMIUM
U07019,2022-06-30,BASIC
U04157,2021-04-02,BASIC
U07432,2022-10-14,PREMIUM
U01898,2021-08-08,PREMIUM
U00805,2023-06-11,BASIC
U00568,2021-01-14,PREMIUM
U02027,2021-02-01,BASIC
U04200,2022-08-18,PREMIUM
U1474,2022-04-05,BASIC
U06309,2023-01-20,BASIC
U06833,2021-01-25,BASIC
U07820,2021-04-29,PREMIUM
U02065,2022-11-10,BASIC
U06950,2023-01-18,BASIC
U03542,2022-09-03,BASIC
U1181,2023-02-17,BASIC
U00794,2022-03-04,PREMIUM
U00224,2021-11-19,BASIC
U03820,2023-09-20,BASIC
U07664,2023-05-18,PREMIUM
U01766,2022-05-15,PREMIUM
U01868,2022-08-25,BASIC
U04423,2021-10-19,PREMIUM
U07401,2023-09-15,BASIC
U06940,2022-10-31,BASIC
U04673,2021-04-24,BASIC
U05980,2021-10-10,PREMIUM
U01760,2022-05-30,BASIC
U07776,2021-03-25,BASIC
U01229,2023-04-23,PREMIUM
U05804,2022-09-10,BASIC
U01925,2022-06-17,BASIC
U01906,2023-04-28,BASIC
U00279,2023-08-20,PREMIUM
U04812,2022-10-02,PREMIUM
U0974,2021-11-30,BASIC
U1526,2022-09-18,BASIC
U02268,2023-01-07,BASIC
U07863,2022-06-04,BASIC
U05354,2023-02-28,BASIC
U05520,2022-05-06,BASIC
U01853,2022-07-01,BASIC
U06633,2023-09-03,BASIC
U00663,2023-03-05,BASIC
U04506,2022-02-05,BASIC
U07801,2022-02-09,BASIC
U0060,2021-06-29,BASIC
U05107,2023-02-20,BASIC
U04362,2023-01-23,PREMIUM
U01843,2023-05-12,BASIC
U0864,2022-05-09,BASIC
U07491,2022-05-30,BASIC
U07840,2021-03-26,BASIC
U07203,2023-07-24,BASIC
U02655,2021-10-17,PREMIUM
U06694,2021-09-10,BASIC
U00102,2021-07-06,BASIC
U05713,2023-06-22,BASIC
U0474,2022-02-28,BASIC
U00103,2023-03-16,BASIC
U02215,2022-10-13,BASIC
U04960,2021-03-30,PREMIUM
U1642,2023-09-12,BASIC
U07552,2023-09-20,PREMIUM
U01325,2022-03-23,PREMIUM
U07585,2021-06-17,BASIC
U1094,2021-05-31,BASIC
U03186,2022-09-13,BASIC
U1343,2021-04-14,PREMIUM
U05626,2021-07-31,BASIC
U07387,2021-11-17,BASIC
U01222,2021-12-27,BASIC
U0123,2022-01-08,PREMIUM
U03149,2021-10-20,BASIC
U03925,2021-08-06,PREMIUM
U05885,2022-08-30,BASIC
U1867,2021-11-26,BASIC
U07470,2023-06-09,BASIC
U05599,2022-07-26,PREMIUM
U0992,2022-12-08,BASIC
U0763,2021-02-25,BASIC
U0685,2021-10-23,BASIC
U00670,2023-07-29,BASIC
U01173,2022-11-01,PREMIUM
U00018,2021-04-08,PREMIUM
U00007,2022-03-19,PREMIUM
U06274,2021-04-26,PREMIUM
U01895,2022-09-10,PREMIUM
U07993,2023-03-19,BASIC
U01239,2022-02-23,PREMIUM
U02426,2022-05-07,BASIC
U02746,2021-03-09,BASIC
U00080,2022-11-20,BASIC
U03221,2021-02-22,PREMIUM
U0011,2021-09-11,BASIC
U00790,2022-05-10,BASIC
U06879,2021-06-03,BASIC
U06640,2022-12-10,PREMIUM
U02074,2021-11-03,PREMIUM
U03576,2021-10-05,BASIC
U06371,2021-10-19,BASIC
U07509,2021-08-14,BASIC
U03357,2021-12-26,BASIC
U05235,2022-12-27,PREMIUM
U07485,2022-06-30,BASIC
U04822,2021-02-14,PREMIUM
U1588,2022-02-15,BASIC
U06198,2021-07-30,BASIC
U0880,2021-01-13,PREMIUM
U03674,2022-05-30,BASIC
U0716,2021-04-09,BASIC
U00589,2021-10-15,PREMIUM
U05044,2021-09-04,BASIC
U03623,2023-04-16,BASIC
U05639,2023-08-17,PREMIUM
U03010,2022-07-19,BASIC
U00859,2022-11-12,PREMIUM
U06256,2023-05-20,PREMIUM
U03773,2021-05-21,PREMIUM
U03844,2022-03-28,BASIC
U06029,2022-12-29,BASIC
U03834,2022-04-28,BASIC
U0262,2022-05-16,BASIC
U02890,2023-04-17,BASIC
U02528,2021-04-13,BASIC
U01525,2022-07-17,BASIC
U03906,2022-01-26,BASIC
U05783,2021-03-17,BASIC
U01609,2022-06-28,PREMIUM
U07420,2021-07-25,BASIC
U03222,2022-08-09,PREMIUM
U1091,2022-04-18,PREMIUM
U05757,2023-05-29,BASIC
U01798,2021-12-16,BASIC
U02120,2022-09-11,BASIC
U04320,2022-04-26,PREMIUM
U03003,2022-09-24,PREMIUM
U01802,2022-04-26,BASIC
U05811,2022-10-22,BASIC
U01901,2023-08-09,BASIC
U03026,2021-12-03,PREMIUM
U0218,2023-03-26,BASIC
U04363,2022-07-28,BASIC
U0695,2022-01-08,PREMIUM
U07946,2023-04-23,BASIC
U01494,2022-03-25,BASIC
U04093,2023-08-21,PREMIUM
U00673,2021-01-02,BASIC
U07802,2023-04-20,BASIC
U00226,2021-02-09,PREMIUM
U0769,2022-03-23,BASIC
U00190,2022-04-08,BASIC
U1824,2022-11-24,PREMIUM
U03573,2023-06-09,BASIC
U02525,2023-07-18,BASIC
U03795,2022-06-28,BASIC
U07383,2023-05-03,PREMIUM
U06782,2022-08-27,BASIC
U05461,2023-02-24,BASIC
U00626,2021-12-30,BASIC
U05096,2021-11-24,BASIC
U07394,2022-05-07,BASIC
U07918,2023-07-06,BASIC
U07121,2022-10-25,BASIC
U1063,2022-09-30,BASIC
U00439,2022-06-11,BASIC
U04058,2022-01-14,BASIC
U05066,2021-05-07,BASIC
U0503,2021-04-19,BASIC
U06936,2023-04-12,BASIC
U01416,2023-09-13,BASIC
U04354,2021-11-01,BASIC
U00343,2021-01-29,BASIC
U07031,2023-04-29,BASIC
U01169,2021-11-07,PREMIUM
U1514,2021-10-08,BASIC
U06037,2021-02-05,BASIC
U0461,2021-03-08,BASIC
U03088,2023-06-08,BASIC
U07677,2022-03-18,BASIC
U03837,2022-08-15,BASIC
U03196,2021-10-01,PREMIUM
U02451,2022-03-25,BASIC
U02947,2021-09-14,BASIC
U02047,2022-01-16,BASIC
U04505,2022-03-18,PREMIUM
U01704,2022-01-28,BASIC
U1196,2023-02-10,PREMIUM
U07258,2021-08-16,PREMIUM
U03592,2022-02-07,PREMIUM
U1567,2023-06-02,PREMIUM
U08001,2021-10-02,PREMIUM
U04813,2021-12-06,BASIC
U03143,2022-12-14,BASIC
U1710,2023-05-26,PREMIUM
U07069,2021-11-08,PREMIUM
U06397,2023-08-02,BASIC
U0810,2021-02-02,BASIC
U05554,2023-04-16,BASIC
U0173,2023-08-08,PREMIUM
U0605,2022-01-06,BASIC
U07843,2021-05-12,BASIC
U07330,2021-08-29,PREMIUM
U04932,2021-07-11,BASIC
U04598,2022-11-08,BASIC
U04176,2023-09-15,BASIC
U06100,2023-05-15,BASIC
U01860,2023-09-07,BASIC
U07816,2023-02-17,PREMIUM
U04693,2022-07-27,PREMIUM
U00830,2022-10-10,PREMIUM
U1329,2021-01-22,PREMIUM
U06276,2021-09-17,BASIC
U06170,2022-12-10,PREMIUM
U01880,2021-07-01,PREMIUM
U1309,2022-07-21,PREMIUM
U00782,2023-09-21,BASIC
U06983,2021-12-27,BASIC
U06563,2021-11-29,PREMIUM
U03688,2023-06-28,BASIC
U01967,2023-06-27,PREMIUM
U02729,2021-02-04,PREMIUM
U0126,2022-05-17,BASIC
U0436,2022-05-21,BASIC
U00953,2021-04-27,BASIC
U00344,2023-06-26,PREMIUM
U04522,2022-11-13,PREMIUM
U05312,2022-11-24,BASIC
U04048,2023-01-26,BASIC
U00160,2021-03-03,BASIC
U07290,2023-04-06,BASIC
U04591,2023-05-19,BASIC
U1489,2023-04-22,BASIC
U02547,2023-09-17,BASIC
U04467,2023-06-24,BASIC
U02259,2022-02-05,BASIC
U00424,2021-01-27,BASIC
U06566,2023-04-19,BASIC
U03187,2023-05-05,BASIC
U03649,2022-09-20,BASIC
U1925,2023-09-17,PREMIUM
U03244,2022-06-25,PREMIUM
U06013,2021-07-13,PREMIUM
U07242,2021-04-07,BASIC
U00094,2023-09-02,PREMIUM
U03411,2021-01-03,BASIC
U00017,2023-03-24,BASIC
U07061,2021-02-28,BASIC
U02046,2023-07-12,PREMIUM
U1476,2021-07-26,PREMIUM
U04860,2021-12-16,BASIC
U01657,2022-12-02,BASIC
U01428,2022-05-12,BASIC
U05196,2022-07-22,PREMIUM
U0691,2022-08-19,BASIC
U05470,2022-03-05,BASIC
U1816,2022-11-12,BASIC
U03039,2023-06-01,BASIC
U02899,2021-01-22,BASIC
U01338,2023-07-19,PREMIUM
U01608,2021-05-02,PREMIUM
U01177,2021-01-12,BASIC
U00243,2022-11-12,PREMIUM
U07710,2022-07-15,BASIC
U05798,2021-08-16,PREMIUM
U1447,2021-08-22,BASIC
U06622,2022-04-13,BASIC
U0071,2023-06-19,BASIC
U00237,2021-06-17,BASIC
U02745,2021-10-05,BASIC
U1465,2022-12-10,BASIC
U02238,2023-01-29,BASIC
U04731,2023-06-26,BASIC
U06452,2021-06-10,BASIC
U05279,2022-08-11,BASIC
U0970,2022-12-27,PREMIUM
U1428,2022-05-07,BASIC
U01365,2021-09-17,BASIC
U1870,2023-05-03,PREMIUM
U02676,2022-04-20,BASIC
U00696,2021-03-07,BASIC
U05584,2022-01-06,PREMIUM
U01400,2022-07-28,BASIC
U01561,2021-07-09,BASIC
U07158,2021-11-30,BASIC
U00843,2021-10-14,BASIC
U00313,2023-05-14,PREMIUM
U06335,2022-12-23,BASIC
U01236,2022-04-11,PREMIUM
U02154,2021-05-11,BASIC
U1176,2022-10-26,BASIC
U1909,2022-10-26,BASIC
U07861,2023-04-21,PREMIUM
U01754,2021-09-30,BASIC
U04339,2022-07-14,BASIC
U0700,2021-11-08,PREMIUM
U00001,2021-08-11,BASIC
U0894,2022-01-22,PREMIUM
U06178,2022-11-10,BASIC
U05666,2022-06-14,BASIC
U03931,2022-06-02,BASIC
U00955,2022-02-03,BASIC
U01639,2023-02-20,BASIC
U01908,2021-07-01,BASIC
U02780,2022-09-29,PREMIUM
U03847,2022-05-29,PREMIUM
U07700,2023-08-21,PREMIUM
U02119,2022-11-19,PREMIUM
U05032,2023-01-04,PREMIUM
U0492,2023-01-17,BASIC
U00769,2023-04-17,BASIC
U00336,2022-11-07,BASIC
U05708,2022-06-07,PREMIUM
U1122,2021-09-16,BASIC
U05664,2021-09-27,BASIC
U00492,2022-04-08,PREMIUM
U07681,2023-05-10,PREMIUM
U04292,2022-09-26,PREMIUM
U02937,2023-06-30,BASIC
U01937,2021-07-22,PREMIUM
U04958,2023-03-01,BASIC
U00386,2021-01-21,PREMIUM
U1923,2022-12-26,BASIC
U0063,2022-09-26,BASIC
U07978,2022-06-26,BASIC
U01121,2021-12-19,PREMIUM
U02260,2022-07-05,BASIC
U04707,2023-07-09,PREMIUM
U1945,2022-05-20,BASIC
U00821,2021-04-29,BASIC
U01824,2022-12-11,PREMIUM
U06163,2021-01-29,PREMIUM
U04892,2023-06-26,BASIC
U07092,2022-11-21,BASIC
U02701,2022-03-19,BASIC
U06920,2022-01-11,BASIC
U01804,2023-04-11,BASIC
U04070,2023-08-04,BASIC
U03812,2023-01-29,PREMIUM
U01538,2022-01-03,BASIC
U01827,2021-05-04,BASIC
U06644,2023-04-30,PREMIUM
U06610,2022-03-20,BASIC
U02812,2021-04-27,BASIC
U1964,2023-04-03,BASIC
U06602,2022-06-14,PREMIUM
U05138,2023-07-25,BASIC
U03337,2022-06-24,PREMIUM
U01490,2022-04-12,BASIC
U0549,2022-01-21,BASIC
U05463,2022-08-25,BASIC
U06475,2022-08-30,PREMIUM
U02679,2023-03-28,PREMIUM
U02961,2023-09-18,BASIC
U03869,2021-04-23,BASIC
U06765,2022-10-11,BASIC
U02763,2021-04-19,PREMIUM
U00196,2021-08-14,PREMIUM
U06005,2022-09-28,BASIC
U03703,2022-01-14,PREMIUM
U03115,2022-02-05,BASIC
U0758,2022-11-29,BASIC
U06067,2022-04-07,PREMIUM
U03141,2023-03-04,PREMIUM
U0999,2022-09-17,BASIC
U05035,2022-10-05,BASIC
U05311,2021-04-15,BASIC
U0195,2021-06-06,BASIC
U04771,2022-03-10,PREMIUM
U01831,2022-08-25,PREMIUM
U01734,2021-01-20,BASIC
U05959,2021-04-06,BASIC
U01213,2023-01-08,PREMIUM
U01632,2022-08-21,BASIC
U0111,2021-06-27,BASIC
U0647,2021-01-27,PREMIUM
U0156,2022-11-23,BASIC
U03987,2021-03-14,BASIC
U1213,2023-08-29,BASIC
U01164,2022-03-29,BASIC
U04209,2021-11-08,PREMIUM
U00048,2022-02-18,BASIC
U01732,2022-01-16,PREMIUM
U1542,2022-04-27,PREMIUM
U05309,2021-06-12,BASIC
U00662,2023-05-17,PREMIUM
U1186,2023-07-01,PREMIUM
U04662,2023-08-29,BASIC
U0367,2021-12-16,BASIC
U07431,2022-04-30,BASIC
U0411,2021-08-30,BASIC
U05434,2022-06-27,PREMIUM
U00836,2023-04-20,BASIC
U07180,2022-07-22,BASIC
U03882,2023-07-13,BASIC
U0495,2021-10-01,BASIC
U00153,2023-01-23,BASIC
U05921,2023-09-19,BASIC
U07697,2021-10-28,BASIC
U05191,2023-01-03,BASIC
U06305,2021-12-14,BASIC
U04580,2023-09-26,BASIC
U03093,2022-09-25,BASIC
U00188,2021-06-19,BASIC
U1914,2022-03-26,BASIC
U03006,2021-01-27,BASIC
U05976,2021-07-04,PREMIUM
U0882,2021-12-16,PREMIUM
U06470,2022-02-25,BASIC
U1355,2021-06-29,PREMIUM
U07283,2022-10-20,BASIC
U1463,2023-01-25,BASIC
U07812,2022-09-23,BASIC
U0519,2021-10-25,BASIC
U0169,2022-10-10,BASIC
U1451,2022-11-03,PREMIUM
U1894,2021-11-20,PREMIUM
U03101,2022-03-28,BASIC
U1107,2022-02-08,PREMIUM
U06314,2021-03-20,BASIC
U04950,2022-05-05,BASIC
U02859,2022-04-10,PREMIUM
U01182,2023-09-07,BASIC
U1758,2021-10-23,BASIC
U05271,2023-06-19,PREMIUM
U03675,2022-01-19,BASIC
U0669,2023-08-29,PREMIUM
U00392,2023-02-13,PREMIUM
U03500,2021-09-12,BASIC
U05075,2022-02-10,BASIC
U07232,2022-03-15,BASIC
U00723,2021-10-03,BASIC
U1438,2022-03-11,BASIC
U05425,2022-04-02,BASIC
U01238,2021-09-19,PREMIUM
U01142,2023-03-23,BASIC
U02165,2022-04-21,BASIC
U06890,2023-02-27,BASIC
U01809,2023-02-02,PREMIUM
U07481,2021-03-20,BASIC
U04985,2022-12-21,BASIC
U06906,2022-05-11,BASIC
U07724,2023-03-27,PREMIUM
U02156,2021-07-15,PREMIUM
U02174,2023-07-29,PREMIUM
U0373,2023-01-05,BASIC
U00418,2023-09-12,BASIC
U05172,2023-06-23,BASIC
U04141,2021-07-06,BASIC
U0033,2021-06-26,BASIC
U05069,2023-02-05,PREMIUM
U01160,2022-10-24,BASIC
U1776,2021-08-05,BASIC
U07459,2023-09-02,BASIC
U07248,2021-03-23,PREMIUM
U00174,2021-12-23,BASIC
U00171,2021-11-25,PREMIUM
U04882,2023-06-18,BASIC
U02011,2022-09-29,BASIC
U07298,2021-10-23,BASIC
U02342,2021-08-10,BASIC
U0016,2021-04-27,BASIC
U04270,2021-02-14,BASIC
U05773,2023-09-08,BASIC
U00311,2021-07-15,PREMIUM
U07660,2022-09-22,PREMIUM
U01636,2022-06-18,BASIC
U0631,2022-06-21,BASIC
U04593,2021-07-23,BASIC
U02460,2022-03-08,PREMIUM
U04135,2023-05-15,PREMIUM
U1314,2022-10-07,BASIC
U02654,2022-11-10,BASIC
U04220,2023-01-19,BASIC
U01652,2021-02-13,BASIC
U0777,2022-07-17,BASIC
U01417,2021-08-30,BASIC
U1479,2021-08-24,PREMIUM
U0178,2023-08-20,PREMIUM
U05526,2023-07-05,BASIC
U03746,2022-12-30,BASIC
U1920,2022-03-22,BASIC
U07000,2023-09-12,PREMIUM
U01277,2023-09-05,PREMIUM
U1592,2021-02-08,BASIC
U01701,2023-07-26,PREMIUM
U01761,2022-12-29,PREMIUM
U1661,2022-06-16,BASIC
U03513,2022-09-05,BASIC
U04470,2021-05-04,BASIC
U06414,2022-03-31,PREMIUM
U0721,2021-02-11,BASIC
U00930,2021-01-12,PREMIUM
U06297,2022-06-25,BASIC
U04540,2021-10-27,BASIC
U02223,2021-09-29,BASIC
U01548,2022-04-08,PREMIUM
U03600,2022-10-07,BASIC
U06939,2021-05-31,BASIC
U05320,2023-05-02,BASIC
U06352,2023-07-19,BASIC
U00013,2021-06-01,BASIC
U0003,2022-07-10,PREMIUM
U06250,2021-12-25,BASIC
U05267,2023-08-26,BASIC
U01221,2022-08-01,BASIC
U00608,2021-04-03,BASIC
U01266,2021-03-14,BASIC
U02930,2022-10-09,BASIC
U06663,2023-09-26,BASIC
U04566,2021-05-09,BASIC
U06131,2021-03-13,BASIC
U0301,2022-12-02,BASIC
U00982,2022-11-01,PREMIUM
U04585,2022-04-25,BASIC
U01363,2023-02-03,BASIC
U02776,2022-01-20,PREMIUM
U0902,2021-01-17,BASIC
U05454,2021-01-22,BASIC
U03501,2021-06-20,BASIC
U1061,2022-10-24,BASIC
U0153,2023-06-02,PREMIUM
U00043,2022-03-26,BASIC
U04705,2021-07-30,BASIC
U05820,2021-05-26,BASIC
U00072,2021-09-23,BASIC
U01136,2021-05-29,PREMIUM
U03162,2023-02-07,BASIC
U06333,2021-10-05,PREMIUM
U03277,2022-05-16,BASIC
U00244,2023-02-20,BASIC
U1282,2021-01-15,BASIC
U06592,2023-04-26,PREMIUM
U1845,2021-02-24,PREMIUM
U01437,2023-03-05,BASIC
U05595,2021-07-16,BASIC
U05747,2023-01-28,PREMIUM
U01707,2022-08-21,PREMIUM
U00023,2023-09-13,PREMIUM
U02022,2022-12-05,PREMIUM
U06832,2022-12-24,BASIC
U06445,2022-02-27,BASIC
U01502,2021-02-12,BASIC
U00660,2023-06-30,PREMIUM
U06458,2022-11-23,BASIC
U04890,2023-07-08,BASIC
U1431,2021-03-10,BASIC
U03559,2021-04-24,PREMIUM
U05360,2022-09-17,BASIC
U0575,2021-01-29,BASIC
U05540,2021-02-19,PREMIUM
U07388,2021-06-28,BASIC
U02320,2023-08-01,BASIC
U07606,2021-01-14,BASIC
U02146,2022-05-21,BASIC
U02671,2023-07-03,BASIC
U1258,2022-05-23,PREMIUM
U03478,2022-08-29,BASIC
U07838,2023-05-16,BASIC
U1933,2023-06-25,PREMIUM
U00284,2021-04-23,BASIC
U06695,2021-05-06,PREMIUM
U07322,2021-05-08,BASIC
U02095,2021-07-29,BASIC
U05063,2022-12-03,PREMIUM
U03202,2022-06-24,BASIC
U04403,2023-06-18,PREMIUM
U07931,2023-04-05,BASIC
U01423,2021-06-22,PREMIUM
U07271,2022-03-16,PREMIUM
U1469,2022-11-04,BASIC
U06550,2022-11-22,BASIC
U1583,2022-12-11,PREMIUM
U01587,2021-07-02,PREMIUM
U05414,2022-12-18,BASIC
U00716,2022-08-28,PREMIUM
U05173,2021-03-13,BASIC
U06437,2023-07-27,PREMIUM
U07323,2022-06-16,BASIC
U03661,2022-12-01,PREMIUM
U01191,2022-09-22,PREMIUM
U07970,2023-06-01,BASIC
U02307,2021-10-11,BASIC
U1378,2023-07-23,BASIC
U03387,2022-11-04,BASIC
U1971,2022-12-28,BASIC
U0534,2021-05-10,BASIC
U1535,2023-05-24,BASIC
U00499,2022-12-15,BASIC
U0154,2023-01-04,BASIC
U05907,2023-06-26,BASIC
U05726,2023-02-23,PREMIUM
U03056,2021-01-12,BASIC
U03891,2023-05-30,PREMIUM
U02008,2021-05-24,PREMIUM
U07903,2022-07-10,PREMIUM
U00704,2022-11-07,BASIC
U01451,2022-02-26,BASIC
U1307,2023-08-13,PREMIUM
U05141,2021-05-23,BASIC
U06962,2022-08-05,BASIC
U07821,2021-08-26,PREMIUM
U05178,2021-04-17,BASIC
U00461,2021-03-05,PREMIUM
U1797,2021-04-29,BASIC
U04630,2023-09-20,BASIC
U05598,2022-02-27,BASIC
U05988,2021-01-12,BASIC
U00688,2021-03-25,BASIC
U07149,2021-08-10,BASIC
U0417,2023-06-02,BASIC
U07048,2022-11-19,PREMIUM
U06350,2023-08-07,BASIC
U06877,2022-09-13,BASIC
U06552,2022-03-27,BASIC
U03808,2023-03-12,BASIC
U06735,2023-07-08,PREMIUM
U06699,2022-09-03,BASIC
U04576,2023-05-18,BASIC
U01054,2023-07-04,BASIC
U06639,2021-09-26,BASIC
U03464,2023-03-22,BASIC
U0174,2023-01-09,BASIC
U02956,2023-07-31,BASIC
U02617,2021-10-21,BASIC
U01323,2023-09-16,BASIC
U05067,2023-07-26,BASIC
U04248,2021-03-28,PREMIUM
U04747,2022-05-26,BASIC
U01374,2021-08-09,BASIC
U04050,2021-12-07,BASIC
U01313,2021-01-12,PREMIUM
U05418,2023-08-18,BASIC
U05295,2023-07-05,BASIC
U05586,2021-05-05,PREMIUM
U07379,2021-04-24,BASIC
U06813,2021-12-10,PREMIUM
U06162,2021-01-08,BASIC
U02681,2023-03-17,PREMIUM
U01405,2022-08-14,BASIC
U1240,2022-10-26,PREMIUM
U01693,2021-01-10,BASIC
U06656,2021-04-24,PREMIUM
U02098,2022-04-13,BASIC
U01630,2021-07-22,BASIC
U06864,2023-01-26,BASIC
U00176,2021-09-24,BASIC
U1092,2022-07-13,BASIC
U03004,2023-06-13,BASIC
U05393,2021-02-25,BASIC
U04924,2021-01-31,BASIC
U03825,2022-03-29,BASIC
U07504,2022-06-02,BASIC
U03672,2021-11-13,PREMIUM
U01114,2023-01-14,BASIC
U0479,2023-02-06,BASIC
U01644,2022-04-08,PREMIUM
U06859,2022-05-06,BASIC
U0683,2023-01-28,PREMIUM
U05877,2021-06-08,BASIC
U06499,2023-05-13,BASIC
U02914,2022-10-26,BASIC
U03670,2023-07-23,BASIC
U06544,2023-06-23,PREMIUM
U1808,2022-12-22,BASIC
U07253,2021-06-10,BASIC
U00431,2023-07-29,BASIC
U03484,2022-08-19,BASIC
U04763,2023-01-24,BASIC
U07841,2021-08-02,BASIC
U07637,2022-04-25,PREMIUM
U1115,2022-10-17,BASIC
U06341,2022-05-11,BASIC
U06143,2023-07-14,BASIC
U05698,2023-07-26,BASIC
U05543,2023-03-11,BASIC
U02989,2021-11-18,BASIC
U07758,2023-08-31,PREMIUM
U02652,2023-07-18,PREMIUM
U1766,2021-07-14,BASIC
U1521,2022-10-01,PREMIUM
U05338,2022-03-09,PREMIUM
U0817,2021-03-16,BASIC
U05514,2022-01-19,BASIC
U05582,2022-05-19,BASIC
U02798,2023-02-26,BASIC
U04798,2022-06-22,BASIC
U03810,2022-11-05,BASIC
U03945,2021-07-23,BASIC
U07285,2021-07-01,BASIC
U06146,2022-06-12,BASIC
U1734,2021-08-13,BASIC
U03412,2023-09-17,PREMIUM
U05131,2021-06-20,BASIC
U06894,2023-02-09,PREMIUM
U02964,2021-12-21,PREMIUM
U00802,2021-12-02,BASIC
U1764,2021-12-27,BASIC
U00142,2023-02-13,PREMIUM
U02538,2022-03-07,BASIC
U02459,2021-10-18,BASIC
U06953,2022-05-08,BASIC
U03588,2021-04-09,BASIC
U02380,2021-07-20,BASIC
U1407,2023-07-11,BASIC
U02359,2022-04-22,BASIC
U05750,2023-04-07,BASIC
U04718,2022-10-23,PREMIUM
U1246,2022-06-08,BASIC
U01795,2022-03-08,BASIC
U01738,2021-06-03,PREMIUM
U00263,2022-03-02,BASIC
U02007,2021-04-08,PREMIUM
U0791,2021-06-15,BASIC
U07030,2022-03-15,BASIC
U03482,2022-08-16,BASIC
U01000,2023-08-17,PREMIUM
U00396,2022-01-22,BASIC
U0429,2021-03-19,BASIC
U00009,2022-09-07,BASIC
U1878,2022-11-22,BASIC
U03613,2022-07-07,PREMIUM
U00903,2023-01-06,PREMIUM
U0151,2021-01-05,PREMIUM
U04221,2021-11-07,BASIC
U03527,2022-10-29,BASIC
U0467,2021-08-05,PREMIUM
U05841,2023-01-13,PREMIUM
U00397,2022-05-22,PREMIUM
U1855,2022-04-23,PREMIUM
U0938,2023-04-05,PREMIUM
U07110,2021-09-27,BASIC
U02276,2023-06-07,PREMIUM
U01742,2023-04-02,BASIC
U02602,2023-04-13,BASIC
U06089,2023-02-12,BASIC
U06712,2022-06-24,BASIC
U04678,2022-11-26,BASIC
U04377,2021-01-25,PREMIUM
U06126,2023-07-30,BASIC
U07540,2021-10-19,BASIC
U02917,2021-10-13,BASIC
U00075,2021-12-25,BASIC
U02756,2022-01-14,PREMIUM
U1728,2021-10-16,PREMIUM
U06554,2021-05-16,PREMIUM
U04704,2021-02-17,BASIC
U04319,2023-08-16,BASIC
U01661,2022-12-04,BASIC
U04583,2021-07-26,PREMIUM
U00381,2022-01-17,BASIC
U0984,2022-02-26,BASIC
U0591,2022-05-04,BASIC
U03129,2022-12-26,BASIC
U01138,2021-08-18,BASIC
U00529,2023-08-29,PREMIUM
U1926,2023-02-15,BASIC
U02579,2021-04-28,BASIC
U1366,2021-07-20,PREMIUM
U06393,2022-07-05,BASIC
U03445,2022-08-24,BASIC
U07036,2022-01-18,BASIC
U01518,2022-10-13,PREMIUM
U05977,2022-04-13,PREMIUM
U07789,2022-01-13,BASIC
U01942,2021-07-18,PREMIUM
U1215,2022-08-05,PREMIUM
U07766,2021-09-03,BASIC
U1276,2021-04-28,PREMIUM
U1708,2021-12-07,BASIC
U03888,2021-02-02,BASIC
U1212,2022-08-21,BASIC
U07948,2023-01-08,BASIC
U02591,2022-11-09,PREMIUM
U06532,2021-12-14,BASIC
U03156,2022-06-24,PREMIUM
U00317,2023-01-01,BASIC
U07616,2021-04-17,PREMIUM
U07579,2021-12-03,BASIC
U05026,2022-05-01,BASIC
U0873,2023-07-08,BASIC
U00526,2022-03-04,BASIC
U06970,2021-07-11,PREMIUM
U03376,2021-08-30,PREMIUM
U01200,2021-05-29,BASIC
U03753,2021-07-13,PREMIUM
U02010,2022-03-11,PREMIUM
U03719,2023-07-27,PREMIUM
U04659,2023-07-06,PREMIUM
U07359,2022-02-06,BASIC
U06792,2021-11-27,BASIC
U0432,2021-11-12,BASIC
U05925,2021-06-30,BASIC
U0331,2021-02-28,BASIC
U00271,2021-03-23,PREMIUM
U00383,2022-03-16,PREMIUM
U05343,2022-04-26,PREMIUM
U07963,2022-11-18,BASIC
U02918,2021-02-26,PREMIUM
U03324,2022-05-31,PREMIUM
U03775,2021-09-19,BASIC
U04234,2021-04-07,PREMIUM
U04965,2023-07-25,BASIC
U01449,2022-03-12,BASIC
U04818,2023-04-10,BASIC
U00369,2021-03-16,BASIC
U05983,2021-06-11,BASIC
U06168,2021-07-07,PREMIUM
U00514,2023-07-07,BASIC
U07621,2021-06-04,BASIC
U00725,2022-11-14,BASIC
U03950,2021-12-11,BASIC
U07187,2021-01-22,BASIC
U07006,2022-12-23,BASIC
U0333,2023-01-31,BASIC
U07738,2021-05-10,PREMIUM
U05224,2021-05-27,PREMIUM
U06294,2022-06-22,PREMIUM
U07222,2022-11-28,BASIC
U02730,2021-03-28,PREMIUM
U03496,2023-09-15,BASIC
U03757,2022-02-27,PREMIUM
U05564,2021-10-11,BASIC
U01791,2023-07-16,BASIC
U00222,2021-04-25,BASIC
U03077,2022-12-27,BASIC
U00333,2022-11-18,PREMIUM
U03396,2021-10-04,BASIC
U05441,2022-07-06,BASIC
U06069,2023-09-18,BASIC
U05092,2023-08-31,PREMIUM
U07338,2023-04-11,PREMIUM
U02090,2022-07-13,BASIC
U0819,2021-09-25,BASIC
U07365,2022-04-16,BASIC
U07798,2023-08-24,BASIC
U04759,2022-09-08,BASIC
U07588,2021-12-07,BASIC
U02367,2022-07-30,BASIC
U05001,2022-12-09,PREMIUM
U0849,2023-06-15,PREMIUM
U1162,2023-08-10,BASIC
U1444,2022-05-06,BASIC
U0400,2021-04-16,BASIC
U06581,2023-08-10,PREMIUM
U01919,2022-09-11,BASIC
U04144,2022-03-21,BASIC
U03663,2021-11-22,BASIC
U03780,2021-12-03,BASIC
U01620,2022-10-23,BASIC
U04847,2023-06-04,BASIC
U0677,2021-09-10,PREMIUM
U02598,2023-07-26,BASIC
U05498,2021-01-05,PREMIUM
U0047,2021-05-19,PREMIUM
U00599,2021-11-08,BASIC
U04703,2021-10-03,BASIC
U05758,2023-06-06,PREMIUM
U0235,2023-06-17,BASIC
U01676,2021-07-05,BASIC
U06772,2021-10-23,BASIC
U07897,2022-02-26,BASIC
U04364,2022-06-13,BASIC
U02743,2021-04-19,BASIC
U01810,2021-10-30,BASIC
U1367,2021-02-12,BASIC
U00259,2023-04-06,BASIC
U05867,2022-08-12,BASIC
U0767,2022-05-15,PREMIUM
U01940,2022-10-17,BASIC
U07318,2022-03-11,BASIC
U02648,2023-04-05,PREMIUM
U0129,2022-05-31,BASIC
U04117,2023-04-13,PREMIUM
U07544,2021-09-28,BASIC
U1990,2021-11-26,BASIC
U01702,2021-04-22,BASIC
U0085,2022-03-17,BASIC
U04372,2022-09-21,BASIC
U02630,2022-09-26,BASIC
U04288,2022-02-20,BASIC
U03927,2022-10-31,BASIC
U03936,2022-11-12,BASIC
U04042,2023-04-22,BASIC
U0021,2021-12-31,PREMIUM
U04661,2023-08-08,BASIC
U1369,2023-07-26,BASIC
U00240,2022-07-25,BASIC
U0267,2021-03-17,BASIC
U07822,2022-06-30,BASIC
U01832,2022-02-04,PREMIUM
U07397,2021-02-23,BASIC
U04146,2021-12-29,BASIC
U05987,2021-11-18,PREMIUM
U07054,2023-04-07,BASIC
U04346,2022-10-02,BASIC
U00503,2023-05-15,PREMIUM
U1640,2022-12-28,BASIC
U1467,2023-06-10,BASIC
U1850,2021-07-20,PREMIUM
U00297,2022-02-18,BASIC
U07803,2021-05-29,BASIC
U02580,2022-12-14,PREMIUM
U0877,2023-06-29,BASIC
U04051,2021-05-07,BASIC
U04417,2022-06-18,PREMIUM
U00942,2021-11-22,BASIC
U1508,2021-02-04,BASIC
U02386,2022-04-27,PREMIUM
U1968,2022-03-17,BASIC
U00911,2023-08-26,BASIC
U05847,2021-12-01,BASIC
U04765,2022-12-22,BASIC
U06390,2021-09-17,BASIC
U04418,2022-06-02,BASIC
U1809,2021-12-27,PREMIUM
U01249,2021-08-27,PREMIUM
U00328,2021-04-30,PREMIUM
U05098,2021-04-19,PREMIUM
U07507,2022-08-06,BASIC
U05583,2023-05-26,BASIC
U07744,2021-07-02,BASIC
U03040,2021-01-14,BASIC
U04452,2022-05-22,BASIC
U02138,2023-06-06,BASIC
U07250,2022-11-14,BASIC
U1372,2023-04-15,BASIC
U1044,2022-04-03,BASIC
U07692,2021-11-30,BASIC
U07551,2023-09-13,BASIC
U07973,2022-09-14,BASIC
U06226,2022-06-07,BASIC
U01833,2023-04-17,BASIC
U04301,2021-07-25,BASIC
U01350,2023-09-10,BASIC
U07520,2022-11-13,BASIC
U1297,2022-07-01,BASIC
U0501,2022-09-02,PREMIUM
U02573,2023-04-23,BASIC
U0523,2023-05-17,BASIC
U07759,2021-07-11,BASIC
U03079,2021-07-28,BASIC
U05784,2022-09-05,BASIC
U06325,2021-09-01,PREMIUM
U07524,2021-02-25,PREMIUM
U07969,2022-03-11,BASIC
U03485,2022-08-23,BASIC
U05748,2022-10-04,BASIC
U07282,2021-03-20,PREMIUM
U03516,2021-12-15,BASIC
U07529,2022-07-28,PREMIUM
U06873,2022-05-31,BASIC
U03555,2021-04-01,BASIC
U01559,2022-01-13,BASIC
U1690,2023-03-28,BASIC
U0086,2022-04-17,BASIC
U01549,2023-08-04,PREMIUM
U04846,2022-08-30,BASIC
U05630,2023-06-10,BASIC
U04790,2023-08-31,PREMIUM
U01071,2022-03-08,BASIC
U03027,2021-07-02,PREMIUM
U06398,2021-02-08,BASIC
U01866,2021-12-22,PREMIUM
U07074,2023-01-28,BASIC
U00402,2022-06-11,PREMIUM
U04276,2022-04-30,BASIC
U06486,2021-01-22,BASIC
U01713,2021-07-28,PREMIUM
U0681,2021-09-16,BASIC
U0930,2023-08-27,BASIC
U07684,2021-05-28,BASIC
U1143,2022-10-22,PREMIUM
U06225,2022-02-15,BASIC
U1422,2021-07-22,BASIC
U05555,2023-03-19,BASIC
U02366,2023-02-18,BASIC
U0884,2022-06-06,BASIC
U01606,2023-07-06,PREMIUM
U03110,2022-09-16,BASIC
U0602,2021-07-20,BASIC
U06346,2023-03-31,BASIC
U03250,2023-05-08,BASIC
U05185,2022-11-14,BASIC
U01960,2023-09-11,PREMIUM
U04959,2023-06-28,PREMIUM
U04028,2021-03-24,BASIC
U03645,2022-03-09,PREMIUM
U00698,2021-08-17,BASIC
U00593,2023-08-24,BASIC
U03908,2021-08-03,PREMIUM
U1872,2023-01-04,BASIC
U04511,2023-02-28,BASIC
U01015,2022-01-11,BASIC
U05135,2022-09-16,BASIC
U00309,2023-09-16,BASIC
U05278,2021-07-03,BASIC
U01692,2022-04-18,BASIC
U0993,2023-01-29,BASIC
U04013,2021-09-05,BASIC
U05073,2022-05-02,BASIC
U1818,2022-01-28,BASIC
U05169,2021-08-25,BASIC
U07207,2022-08-16,BASIC
U01202,2023-08-24,BASIC
U00269,2022-07-05,BASIC
U07783,2022-03-19,PREMIUM
U04631,2021-07-01,PREMIUM
U02137,2021-04-19,PREMIUM
U0893,2022-07-02,BASIC
U07532,2022-12-22,BASIC
U06155,2021-04-21,BASIC
U0346,2022-10-26,BASIC
U00926,2022-09-21,PREMIUM
U07426,2021-01-02,BASIC
U02945,2021-07-20,PREMIUM
U00824,2023-08-28,BASIC
U04531,2023-04-05,BASIC
U01341,2022-10-04,BASIC
U01527,2022-03-18,BASIC
U02565,2023-07-24,PREMIUM
U07658,2023-05-18,BASIC
U05910,2021-01-04,BASIC
U03331,2022-08-31,BASIC
U03225,2022-11-08,PREMIUM
U00287,2021-12-26,BASIC
U04065,2023-02-24,BASIC
U02656,2022-03-16,BASIC
U03002,2023-09-01,PREMIUM
U04712,2022-06-24,BASIC
U07326,2023-07-23,BASIC
U1627,2023-09-20,BASIC
U00213,2023-08-23,BASIC
U03418,2021-08-23,BASIC
U05565,2023-05-14,BASIC
U00557,2023-06-19,PREMIUM
U0741,2021-01-21,BASIC
U01659,2022-11-27,PREMIUM
U04413,2022-07-14,PREMIUM
U07166,2023-07-16,BASIC
U02876,2023-04-20,PREMIUM
U02404,2023-03-31,BASIC
U06918,2023-06-28,BASIC
U03548,2021-01-17,PREMIUM
U03299,2021-11-27,BASIC
U00428,2022-01-22,PREMIUM
U04746,2022-07-25,PREMIUM
U1401,2021-08-23,BASIC
U04824,2021-08-27,PREMIUM
U07627,2023-05-08,PREMIUM
U00276,2023-09-16,BASIC
U1536,2023-05-03,BASIC
U1681,2022-09-05,BASIC
U05266,2022-04-05,BASIC
U1639,2022-03-14,BASIC
U1395,2023-06-02,PREMIUM
U01972,2022-09-21,PREMIUM
U07075,2021-08-25,BASIC
U03881,2022-07-23,PREMIUM
U06432,2022-08-30,PREMIUM
U02544,2022-10-20,BASIC
U07328,2021-03-06,BASIC
U05195,2022-02-11,PREMIUM
U01869,2021-09-17,BASIC
U07417,2021-06-11,BASIC
U04825,2023-08-10,BASIC
U01050,2021-06-16,BASIC
U0509,2021-12-08,BASIC
U04749,2021-07-01,PREMIUM
U00677,2023-07-23,BASIC
U1053,2023-09-05,BASIC
U04224,2022-07-21,PREMIUM
U05948,2023-08-20,PREMIUM
U00793,2023-07-08,BASIC
U04521,2023-04-24,BASIC
U03776,2021-12-06,BASIC
U04359,2021-04-13,BASIC
U02981,2022-10-19,BASIC
U05590,2023-03-09,PREMIUM
U0476,2021-03-16,PREMIUM
U04528,2022-06-04,PREMIUM
U07609,2023-01-05,BASIC
U02629,2023-09-25,BASIC
U00326,2021-01-22,BASIC
U04536,2022-08-29,BASIC
U06973,2022-12-27,BASIC
U03057,2022-09-23,BASIC
U00610,2023-08-17,BASIC
U07022,2022-06-02,BASIC
U00292,2023-05-06,BASIC
U0508,2022-09-01,BASIC
U0903,2023-03-02,BASIC
U02668,2022-10-31,BASIC
U06053,2022-06-14,BASIC
U03415,2022-06-04,BASIC
U0921,2023-07-18,BASIC
U02685,2023-07-19,PREMIUM
U06786,2023-08-20,BASIC
U01752,2023-07-30,BASIC
U06455,2021-04-27,PREMIUM
U07309,2023-03-08,BASIC
U04001,2022-08-18,BASIC
U01217,2022-04-26,BASIC
U0789,2022-12-04,BASIC
U05389,2021-08-25,PREMIUM
U05667,2021-04-23,BASIC
U03178,2021-11-25,BASIC
U05281,2022-04-17,PREMIUM
U04167,2023-02-11,PREMIUM
U1749,2021-01-23,BASIC
U01590,2022-05-03,PREMIUM
U07444,2021-07-30,BASIC
U04987,2022-03-23,BASIC
U01650,2022-02-11,BASIC
U00659,2021-01-21,BASIC
U07828,2023-08-21,PREMIUM
U0981,2022-11-16,BASIC
U03063,2021-12-20,BASIC
U07351,2022-05-14,BASIC
U02626,2022-01-10,BASIC
U02274,2022-08-26,BASIC
U01671,2021-05-08,BASIC
U04568,2022-11-16,BASIC
U03802,2021-02-12,BASIC
U00092,2022-12-06,PREMIUM
U05099,2021-10-06,BASIC
U04173,2023-04-02,BASIC
U0279,2022-09-05,BASIC
U07560,2021-06-15,BASIC
U02690,2022-05-01,BASIC
U07076,2022-09-08,BASIC
U01064,2021-04-18,PREMIUM
U07295,2021-05-26,PREMIUM
U04472,2021-11-13,PREMIUM
U05162,2021-04-08,BASIC
U04635,2022-11-19,BASIC
U06493,2022-05-18,BASIC
U05927,2022-12-12,BASIC
U05347,2021-05-23,BASIC
U04306,2021-05-07,BASIC
U05902,2021-09-02,BASIC
U07441,2022-05-16,BASIC
U06187,2023-06-28,PREMIUM
U02481,2023-08-03,BASIC
U02950,2021-07-13,BASIC
U03978,2022-02-18,BASIC
U1777,2021-09-11,BASIC
U0975,2022-09-05,PREMIUM
U00354,2022-06-22,BASIC
U05129,2021-12-04,PREMIUM
U1839,2022-11-04,BASIC
U01672,2021-08-17,BASIC
U05300,2023-04-15,BASIC
U01654,2021-10-05,PREMIUM
U03203,2022-05-03,PREMIUM
U05911,2021-11-23,BASIC
U00363,2022-05-04,BASIC
U02262,2023-05-17,PREMIUM
U03434,2023-05-17,BASIC
U04287,2021-08-23,PREMIUM
U02993,2021-07-03,BASIC
U05602,2022-01-17,BASIC
U07464,2021-08-07,BASIC
U01739,2023-03-16,BASIC
U05522,2022-02-23,BASIC
U06561,2023-04-08,BASIC
U06928,2021-07-18,PREMIUM
U07992,2022-06-09,BASIC
U03593,2021-04-19,BASIC
U1194,2022-08-27,BASIC
U05372,2022-12-27,PREMIUM
U05939,2021-11-27,BASIC
U06088,2022-09-02,BASIC
U0530,2023-04-08,BASIC
U04784,2022-10-05,BASIC
U07445,2023-07-03,PREMIUM
U06141,2021-12-10,BASIC
U07352,2022-03-01,PREMIUM
U06020,2021-05-05,BASIC
U04341,2021-09-02,BASIC
U07649,2023-04-11,PREMIUM
U1553,2023-05-26,PREMIUM
U00299,2022-08-09,BASIC
U00645,2023-07-21,BASIC
U05533,2023-05-22,PREMIUM
U0862,2023-02-06,BASIC
U03349,2022-01-29,BASIC
U03934,2022-02-16,PREMIUM
U0232,2021-08-18,BASIC
U07939,2021-04-20,BASIC
U0934,2023-02-13,BASIC
U0557,2021-08-19,PREMIUM
U0775,2023-08-25,BASIC
U00016,2021-07-07,BASIC
U01255,2023-03-14,BASIC
U05542,2021-12-21,BASIC
U0865,2022-01-04,PREMIUM
U0517,2023-09-26,BASIC
U06422,2023-01-19,BASIC
U05825,2021-02-14,PREMIUM
U1813,2021-02-16,PREMIUM
U0340,2022-02-11,BASIC
U03000,2023-06-23,BASIC
U0236,2021-07-11,PREMIUM
U07452,2022-04-06,BASIC
U05766,2022-07-09,PREMIUM
U02715,2021-09-19,BASIC
U0874,2021-07-01,PREMIUM
U0950,2022-02-14,PREMIUM
U06740,2022-10-20,BASIC
U04870,2023-03-13,PREMIUM
U02645,2021-03-16,BASIC
U03082,2023-03-29,BASIC
U03785,2021-06-24,BASIC
U07140,2023-08-31,BASIC
U05618,2021-05-26,PREMIUM
U06041,2021-07-25,BASIC
U05957,2023-03-07,PREMIUM
U07439,2022-03-14,BASIC
U00858,2021-06-10,BASIC
U0675,2022-04-21,BASIC
U00661,2023-01-07,BASIC
U01386,2023-02-07,BASIC
U07566,2021-04-30,BASIC
U07778,2022-07-19,PREMIUM
U06092,2022-01-07,BASIC
U06349,2023-01-18,BASIC
U05464,2022-10-15,BASIC
U04888,2021-08-24,BASIC
U02735,2022-01-04,PREMIUM
U01333,2022-10-25,BASIC
U07008,2022-08-15,BASIC
U06637,2022-08-29,PREMIUM
U04406,2023-07-31,BASIC
U06348,2022-05-28,BASIC
U07466,2021-03-10,BASIC
U05062,2023-04-17,BASIC
U00098,2023-06-08,PREMIUM
U00005,2023-09-22,PREMIUM
U06806,2022-10-26,BASIC
U07734,2021-12-03,BASIC
U02678,2022-01-30,BASIC
U03019,2022-02-07,BASIC
U05471,2023-02-13,BASIC
U1426,2022-04-16,BASIC
U1016,2021-01-23,BASIC
U01988,2022-02-27,BASIC
U04902,2022-06-24,PREMIUM
U00612,2021-12-19,PREMIUM
U0571,2021-05-28,BASIC
U01922,2021-09-07,PREMIUM
U00759,2021-01-20,PREMIUM
U04126,2021-03-14,BASIC
U04399,2023-08-20,BASIC
U1675,2023-01-14,BASIC
U07825,2022-09-26,BASIC
U03740,2023-07-06,BASIC
U06669,2022-07-11,BASIC
U03892,2022-05-04,BASIC
U00099,2021-12-10,PREMIUM
U07291,2022-12-09,BASIC
U03694,2023-05-19,PREMIUM
U1934,2022-07-24,BASIC
U03626,2023-09-22,BASIC
U1098,2023-08-12,BASIC
U01473,2021-08-20,BASIC
U02699,2022-01-11,PREMIUM
U04282,2023-01-28,BASIC
U06885,2023-06-08,BASIC
U00173,2023-06-29,BASIC
U07233,2021-06-06,PREMIUM
U03680,2023-09-15,BASIC
U07186,2023-01-27,BASIC
U0181,2021-04-22,BASIC
U00012,2021-06-08,BASIC
U03168,2022-03-31,BASIC
U03873,2021-11-27,BASIC
U07794,2021-01-09,BASIC
U0255,2022-11-23,BASIC
U06392,2022-06-13,BASIC
U00450,2022-11-09,BASIC
U02258,2022-04-05,PREMIUM
U1779,2021-06-02,BASIC
U07598,2022-07-08,BASIC
U1278,2022-04-06,BASIC
U03068,2022-07-15,PREMIUM
U0798,2021-01-04,BASIC
U06754,2021-10-30,BASIC
U1515,2021-02-06,BASIC
U00812,2021-12-18,BASIC
U06634,2023-03-03,BASIC
U0088,2022-12-02,BASIC
U07613,2022-01-11,BASIC
U0526,2021-01-05,BASIC
U00530,2021-11-13,BASIC
U0936,2021-01-08,BASIC
U04258,2022-04-02,BASIC
U05928,2022-01-21,BASIC
U03471,2021-05-21,BASIC
U07385,2022-12-11,BASIC
U1955,2022-04-05,BASIC
U05702,2021-04-26,BASIC
U0969,2021-05-12,BASIC
U00976,2021-06-05,BASIC
U03238,2022-09-06,BASIC
U03095,2022-09-11,PREMIUM
U03435,2021-09-09,BASIC
U1502,2022-05-27,BASIC
U03197,2021-01-03,BASIC
U0200,2023-02-13,BASIC
U07839,2021-04-16,PREMIUM
U02503,2022-02-01,PREMIUM
U04356,2021-01-07,BASIC
U07335,2023-08-25,BASIC
U01392,2022-06-10,BASIC
U01890,2022-07-02,BASIC
U00964,2022-04-15,PREMIUM
U02157,2023-03-04,BASIC
U01261,2021-03-08,BASIC
U04304,2022-07-13,BASIC
U04036,2023-07-17,PREMIUM
U05920,2021-12-14,PREMIUM
U07938,2022-08-09,PREMIUM
U00585,2023-01-03,BASIC
U00815,2022-05-10,PREMIUM
U01961,2021-11-01,BASIC
U00949,2022-02-11,BASIC
U04645,2022-04-03,BASIC
U03176,2022-06-12,PREMIUM
U04843,2023-04-05,BASIC
U06300,2021-06-13,PREMIUM
U01588,2023-08-27,BASIC
U07230,2021-10-05,BASIC
U05990,2021-03-14,PREMIUM
U00565,2023-03-20,BASIC
U00632,2022-11-20,BASIC
U01192,2022-06-01,PREMIUM
U05780,2022-09-22,BASIC
U05647,2022-05-19,BASIC
U03038,2021-06-09,BASIC
U1149,2023-04-05,BASIC
U02285,2022-10-21,BASIC
U07713,2022-07-10,BASIC
U05087,2023-08-08,BASIC
U00087,2021-05-26,BASIC
U04347,2023-05-06,BASIC
U00454,2022-12-27,BASIC
U02968,2021-07-07,PREMIUM
U00025,2023-09-10,BASIC
U06073,2023-07-01,PREMIUM
U06989,2022-07-01,PREMIUM
U06720,2021-08-02,BASIC
U05323,2021-05-12,BASIC
U1289,2022-07-10,BASIC
U1704,2021-03-04,BASIC
U04681,2021-08-23,BASIC
U1759,2021-08-17,PREMIUM
U0087,2021-03-24,PREMIUM
U03253,2023-05-02,PREMIUM
U1195,2022-04-04,BASIC
U00181,2023-09-15,BASIC
U0908,2022-11-21,BASIC
U0251,2022-02-05,BASIC
U05380,2021-12-11,BASIC
U01897,2021-12-08,BASIC
U06219,2023-09-18,PREMIUM
U03112,2023-08-30,BASIC
U1645,2023-03-16,BASIC
U05788,2023-02-21,PREMIUM
U00636,2022-02-24,PREMIUM
U05189,2022-02-20,PREMIUM
U05546,2023-08-24,PREMIUM
U05606,2021-12-16,BASIC
U01491,2022-08-04,BASIC
U06261,2022-09-21,BASIC
U0378,2021-01-23,BASIC
U04095,2021-11-10,BASIC
U00258,2022-07-11,BASIC
U06190,2021-03-27,PREMIUM
U00615,2023-03-28,BASIC
U1078,2023-06-03,BASIC
U00651,2021-07-05,PREMIUM
U00283,2022-10-29,BASIC
U04743,2022-10-07,BASIC
U00981,2022-02-24,BASIC
U00549,2021-11-14,BASIC
U03514,2021-06-04,BASIC
U03134,2023-07-18,PREMIUM
U00161,2021-05-25,BASIC
U05082,2023-08-03,BASIC
U01139,2022-12-13,PREMIUM
U07081,2022-04-09,BASIC
U03852,2023-09-24,BASIC
U07867,2021-11-05,BASIC
U04447,2021-02-09,BASIC
U01969,2022-03-01,PREMIUM
U1386,2023-05-01,BASIC
U06424,2022-08-05,BASIC
U00522,2021-05-23,BASIC
U05839,2023-07-21,BASIC
U02971,2023-09-19,BASIC
U0308,2022-03-31,BASIC
U06886,2023-03-31,BASIC
U03604,2023-03-02,PREMIUM
U07346,2022-06-18,BASIC
U07870,2022-04-14,BASIC
U1800,2021-10-04,PREMIUM
U05705,2023-02-17,BASIC
U0724,2021-10-09,PREMIUM
U03997,2021-09-15,PREMIUM
U05901,2022-02-27,PREMIUM
U01729,2022-11-29,BASIC
U05355,2023-09-11,BASIC
U1209,2023-02-03,BASIC
U04281,2022-10-24,PREMIUM
U03232,2022-02-02,BASIC
U06944,2021-07-16,PREMIUM
U05297,2021-12-26,BASIC
U06893,2022-09-15,PREMIUM
U05536,2022-01-16,BASIC
U04253,2023-08-21,BASIC
U03928,2021-07-21,PREMIUM
U03151,2023-07-02,PREMIUM
U00462,2022-12-18,BASIC
U1649,2023-02-09,PREMIUM
U00068,2022-03-16,BASIC
U0746,2022-07-15,BASIC
U1517,2023-08-15,BASIC
U06492,2021-01-25,BASIC
U00745,2021-06-05,BASIC
U0224,2021-06-21,BASIC
U0316,2021-08-17,PREMIUM
U00470,2022-01-01,BASIC
U01756,2022-08-06,BASIC
U00327,2022-04-19,PREMIUM
U0325,2022-07-01,PREMIUM
U03165,2021-08-24,PREMIUM
U02185,2023-09-09,PREMIUM
U03528,2022-06-30,BASIC
U02084,2021-06-13,BASIC
U1784,2023-09-24,BASIC
U01680,2023-05-26,BASIC
U1597,2022-11-30,PREMIUM
U04581,2022-03-13,BASIC
U02560,2021-11-28,BASIC
U02310,2021-11-23,PREMIUM
U04686,2022-12-10,BASIC
U02867,2022-11-18,BASIC
U01539,2021-08-08,BASIC
U01870,2022-09-30,PREMIUM
U05005,2023-04-10,BASIC
U00583,2022-11-16,BASIC
U1501,2021-09-16,BASIC
U07471,2022-09-01,BASIC
U06199,2023-08-26,BASIC
U1550,2022-10-21,BASIC
U02353,2023-07-26,PREMIUM
U04348,2021-10-09,BASIC
U06978,2022-01-02,BASIC
U04381,2022-09-24,BASIC
U02760,2022-07-08,BASIC
U1339,2021-10-12,PREMIUM
U04383,2023-04-13,BASIC
U05529,2023-07-17,BASIC
U07699,2022-07-29,BASIC
U04025,2023-03-28,BASIC
U05956,2022-11-09,PREMIUM
U05167,2021-05-20,BASIC
U01470,2021-08-30,BASIC
U05799,2022-03-07,BASIC
U05699,2021-01-25,PREMIUM
U00992,2021-09-20,BASIC
U07409,2022-11-30,BASIC
U02877,2021-04-26,BASIC
U00546,2023-05-10,PREMIUM
U06597,2021-06-20,BASIC
U03343,2022-05-07,BASIC
U1714,2021-02-20,BASIC
U07996,2021-02-11,BASIC
U02068,2022-08-24,BASIC
U01990,2021-06-26,PREMIUM
U05033,2022-03-27,PREMIUM
U00162,2021-08-04,PREMIUM
U1477,2023-03-03,PREMIUM
U05604,2022-10-25,PREMIUM
U05786,2022-10-25,PREMIUM
U01245,2021-04-11,PREMIUM
U03846,2021-05-31,PREMIUM
U07221,2022-03-02,BASIC
U00463,2022-12-22,BASIC
U02085,2022-04-30,PREMIUM
U00839,2023-08-22,PREMIUM
U01699,2023-07-12,BASIC
U05130,2023-02-20,BASIC
U04269,2023-07-08,BASIC
U02943,2021-07-07,PREMIUM
U03948,2023-02-17,BASIC
U02585,2021-03-25,BASIC
U03786,2021-04-19,BASIC
U02042,2022-12-27,BASIC
U00232,2021-10-16,BASIC
U05571,2021-05-16,BASIC
U1940,2022-06-10,BASIC
U00322,2022-02-05,BASIC
U02880,2021-12-03,BASIC
U0441,2021-06-25,BASIC
U0475,2021-02-08,BASIC
U03347,2021-01-26,BASIC
U07878,2021-09-10,BASIC
U01361,2021-03-21,BASIC
U1459,2021-05-17,BASIC
U01985,2023-08-12,BASIC
U04496,2022-06-25,PREMIUM
U07562,2022-03-05,PREMIUM
U1773,2023-09-11,PREMIUM
U1383,2022-12-30,BASIC
U06800,2021-06-17,PREMIUM
U06233,2023-07-31,BASIC
U03609,2022-09-20,PREMIUM
U03980,2023-03-13,PREMIUM
U0214,2021-04-04,BASIC
U01749,2023-02-11,PREMIUM
U00198,2021-05-04,BASIC
U06420,2022-08-22,PREMIUM
U1947,2021-10-31,BASIC
U07886,2021-08-24,BASIC
U06007,2022-02-12,PREMIUM
U02216,2023-05-12,PREMIUM
U0782,2021-04-09,BASIC
U07448,2021-04-07,BASIC
U00218,2021-10-28,BASIC
U06684,2022-03-15,BASIC
U1787,2022-04-20,BASIC
U04981,2023-01-01,BASIC
U05551,2023-05-30,PREMIUM
U1360,2021-05-08,BASIC
U01634,2021-08-23,PREMIUM
U1335,2022-10-10,BASIC
U00995,2022-08-09,BASIC
U04608,2023-04-08,BASIC
U07674,2021-04-28,BASIC
U00378,2022-06-23,BASIC
U06882,2021-09-29,BASIC
U1096,2022-09-03,BASIC
U01841,2022-09-11,BASIC
U06186,2022-10-15,BASIC
U1214,2022-04-30,BASIC
U05506,2021-05-26,BASIC
U06351,2021-07-07,BASIC
U04513,2023-05-08,BASIC
U03089,2023-04-12,PREMIUM
U01696,2021-10-29,BASIC
U0962,2023-02-18,PREMIUM
U04283,2021-10-16,BASIC
U03441,2022-03-22,PREMIUM
U00569,2023-08-29,BASIC
U01425,2021-06-13,PREMIUM
U00039,2022-05-08,BASIC
U07245,2021-05-12,PREMIUM
U0124,2023-05-17,BASIC
U03382,2023-03-31,BASIC
U07570,2021-08-17,BASIC
U01564,2023-02-17,PREMIUM
U1628,2021-11-10,BASIC
U04685,2021-07-27,BASIC
U00548,2021-03-25,BASIC
U03512,2023-03-01,BASIC
U03332,2023-09-07,PREMIUM
U07669,2023-04-10,BASIC
U02533,2021-06-02,BASIC
U0092,2021-01-19,BASIC
U05397,2023-05-11,BASIC
U1574,2022-07-26,PREMIUM
U06018,2021-06-05,BASIC
U07378,2023-03-14,BASIC
U02329,2021-10-13,BASIC
U07985,2021-05-19,PREMIUM
U0899,2021-10-16,BASIC
U1707,2021-11-01,PREMIUM
U01090,2021-09-20,BASIC
U06846,2022-03-15,PREMIUM
U05652,2023-09-07,BASIC
U0445,2021-12-04,BASIC
U07586,2023-08-12,BASIC
U05790,2021-03-12,PREMIUM
U01458,2021-07-11,BASIC
U04188,2021-12-07,BASIC
U02184,2021-08-14,BASIC
U01578,2021-10-15,BASIC
U01273,2023-07-20,BASIC
U02942,2023-06-20,PREMIUM
U0427,2022-12-10,PREMIUM
U06874,2021-07-10,BASIC
U04232,2023-03-18,PREMIUM
U04594,2021-06-10,BASIC
U06908,2022-01-01,BASIC
U07813,2022-06-10,BASIC
U04726,2022-11-09,BASIC
U06031,2022-11-05,BASIC
U06054,2021-10-21,BASIC
U1712,2021-12-05,PREMIUM
U01928,2023-07-18,BASIC
U06549,2023-06-19,BASIC
U1292,2022-03-31,BASIC
U05090,2023-06-16,PREMIUM
U00249,2021-06-19,PREMIUM
U06265,2022-08-23,BASIC
U02028,2022-01-26,BASIC
U07951,2021-08-20,BASIC
U07573,2021-12-18,PREMIUM
U07297,2023-02-14,BASIC
U0451,2021-10-12,BASIC
U05453,2021-07-28,BASIC
U0253,2022-03-21,BASIC
U00281,2022-06-09,BASIC
U02097,2023-04-08,BASIC
U01899,2023-06-22,BASIC
U05946,2023-05-31,BASIC
U05179,2021-08-20,PREMIUM
U07078,2021-10-10,PREMIUM
U07454,2023-04-27,BASIC
U01633,2022-10-24,PREMIUM
U06626,2023-03-25,BASIC
U05299,2021-07-30,BASIC
U04274,2022-08-20,BASIC
U1882,2022-01-27,BASIC
U0407,2022-02-24,BASIC
U01193,2023-09-07,PREMIUM
U1227,2021-04-10,PREMIUM
U04337,2021-08-27,BASIC
U02202,2021-11-03,PREMIUM
U00674,2022-01-10,BASIC
U00446,2021-08-24,BASIC
U04699,2021-03-15,PREMIUM
U04166,2021-07-24,BASIC
U00603,2023-07-13,BASIC
U01495,2021-03-28,BASIC
U04046,2022-11-21,PREMIUM
U1302,2023-04-01,BASIC
U01806,2021-04-23,PREMIUM
U07847,2022-10-04,PREMIUM
U05396,2023-05-20,BASIC
U02841,2023-05-14,PREMIUM
U06113,2023-06-28,BASIC
U01837,2021-05-18,PREMIUM
U07315,2022-03-07,BASIC
U03685,2023-01-21,BASIC
U06750,2023-07-29,BASIC
U03829,2023-09-27,PREMIUM
U07750,2021-03-19,PREMIUM
U02726,2021-06-19,BASIC
U06761,2021-12-06,PREMIUM
U03889,2021-11-14,BASIC
U00357,2023-01-08,BASIC
U04038,2021-09-19,BASIC
U02800,2023-09-26,BASIC
U00444,2021-09-30,PREMIUM
U06647,2021-03-07,BASIC
U02594,2021-12-16,BASIC
U06774,2023-03-24,BASIC
U1958,2021-01-17,BASIC
U1840,2022-07-28,BASIC
U07263,2023-03-13,BASIC
U07435,2023-03-11,PREMIUM
U06407,2021-09-25,PREMIUM
U07779,2022-09-11,BASIC
U07480,2022-07-01,BASIC
U05382,2022-12-13,PREMIUM
U04638,2022-10-14,BASIC
U0314,2023-08-16,BASIC
U00011,2022-06-10,BASIC
U04358,2023-03-28,BASIC
U01086,2023-07-10,PREMIUM
U04210,2023-01-16,BASIC
U0109,2021-12-14,BASIC
U03544,2021-12-25,PREMIUM
U04009,2023-08-05,PREMIUM
U05640,2022-03-28,BASIC
U04795,2023-04-14,PREMIUM
U06871,2022-04-24,PREMIUM
U05760,2022-07-29,BASIC
U02839,2023-01-18,BASIC
U00295,2021-11-22,BASIC
U04550,2023-05-08,BASIC
U05900,2021-10-29,PREMIUM
U05979,2021-12-29,BASIC
U02483,2021-11-14,BASIC
U03304,2022-05-19,BASIC
U02607,2021-12-23,PREMIUM
U01718,2022-03-13,PREMIUM
U07073,2022-01-22,PREMIUM
U04142,2023-05-03,PREMIUM
U0668,2022-05-29,BASIC
U04600,2022-06-18,BASIC
U0787,2023-09-20,PREMIUM
U01031,2021-01-10,BASIC
U06655,2023-08-31,BASIC
U04300,2021-01-11,BASIC
U04664,2022-05-23,BASIC
U04628,2021-09-21,PREMIUM
U00046,2021-06-19,PREMIUM
U1748,2022-01-04,BASIC
U03695,2022-06-21,BASIC
U05872,2021-05-15,BASIC
U05797,2023-06-30,BASIC
U1763,2022-11-27,BASIC
U05232,2022-01-06,BASIC
U05859,2022-08-10,PREMIUM
U01304,2022-01-27,BASIC
U02519,2022-04-01,BASIC
U02221,2022-12-25,BASIC
U07080,2023-01-01,BASIC
U07942,2022-06-28,PREMIUM
U01294,2022-01-16,BASIC
U0170,2021-02-11,PREMIUM
U0727,2022-01-11,BASIC
U0366,2021-11-17,PREMIUM
U00150,2021-04-09,BASIC
U04930,2021-07-09,PREMIUM
U03673,2021-07-31,PREMIUM
U1655,2023-06-01,BASIC
U03893,2021-01-19,PREMIUM
U05429,2023-09-08,BASIC
U0821,2021-04-27,PREMIUM
U04909,2021-04-11,BASIC
U0270,2022-05-25,PREMIUM
U05249,2022-12-01,BASIC
U04408,2021-02-26,PREMIUM
U0490,2021-05-06,PREMIUM
U01567,2022-10-14,PREMIUM
U02287,2023-04-26,BASIC
U1138,2021-08-21,BASIC
U03450,2023-05-20,BASIC
U02246,2023-03-26,BASIC
U03220,2023-03-26,PREMIUM
U01978,2021-10-16,PREMIUM
U00132,2021-11-26,BASIC
U03080,2021-12-09,PREMIUM
U0692,2023-04-09,PREMIUM
U03584,2022-10-13,BASIC
U03177,2022-10-11,BASIC
U1568,2021-11-14,BASIC
U03374,2022-05-04,BASIC
U1898,2022-05-12,BASIC
U06854,2022-09-26,BASIC
U04527,2022-06-12,PREMIUM
U07823,2021-06-18,BASIC
U04490,2022-12-22,BASIC
U04923,2022-10-04,BASIC
U0093,2021-12-05,BASIC
U05636,2022-02-05,PREMIUM
U03638,2023-09-16,BASIC
U05156,2022-11-25,PREMIUM
U06426,2022-12-13,BASIC
U04612,2022-11-19,BASIC
U00712,2022-09-22,BASIC
U06732,2021-12-09,BASIC
U01203,2022-02-10,BASIC
U02351,2022-09-14,PREMIUM
U02140,2022-11-01,PREMIUM
U1935,2023-03-18,BASIC
U06641,2022-06-21,BASIC
U02487,2022-01-17,BASIC
U00496,2021-04-02,PREMIUM
U03949,2021-04-08,BASIC
U01038,2021-06-01,BASIC
U03779,2022-05-30,BASIC
U01605,2023-06-07,BASIC
U0652,2021-06-19,BASIC
U0610,2022-02-04,BASIC
U01726,2023-04-04,BASIC
U02189,2023-03-09,BASIC
U01681,2021-09-18,BASIC
U06901,2021-07-08,BASIC
U05969,2022-07-08,PREMIUM
U06487,2022-03-26,PREMIUM
U04077,2021-05-31,BASIC
U05342,2022-03-22,PREMIUM
U06227,2023-03-17,PREMIUM
U05248,2021-09-04,BASIC
U07712,2022-12-31,PREMIUM
U06292,2022-01-02,PREMIUM
U05139,2022-04-12,BASIC
U00966,2023-03-13,PREMIUM
U05561,2022-01-23,BASIC
U00531,2023-08-21,BASIC
U05286,2022-05-26,BASIC
U03774,2022-08-05,BASIC
U1475,2023-05-28,BASIC
U05047,2021-07-04,BASIC
U0353,2022-01-09,PREMIUM
U00532,2022-09-27,BASIC
U07050,2022-07-20,PREMIUM
U05605,2022-03-29,BASIC
U04526,2021-02-23,BASIC
U0098,2021-08-13,PREMIUM
U02919,2023-01-04,PREMIUM
U04481,2021-11-10,BASIC
U0696,2021-02-22,PREMIUM
U04978,2021-02-09,PREMIUM
U03903,2021-05-21,BASIC
U07059,2023-01-06,BASIC
U02261,2022-01-28,BASIC
U06842,2023-07-19,BASIC
U04967,2022-02-03,BASIC
U07981,2023-06-25,PREMIUM
U1226,2021-09-22,BASIC
U0216,2022-01-26,PREMIUM
U03658,2023-04-05,PREMIUM
U06741,2023-05-05,BASIC
U05937,2023-03-29,BASIC
U04099,2021-12-04,BASIC
U03909,2022-06-10,BASIC
U05375,2021-07-11,BASIC
U06130,2022-08-24,BASIC
U00980,2021-04-16,PREMIUM
U06863,2022-06-26,PREMIUM
U07303,2021-03-09,BASIC
U04723,2021-04-23,BASIC
U05844,2022-08-05,BASIC
U03526,2021-09-04,BASIC
U06723,2023-01-14,BASIC
U06433,2023-02-05,PREMIUM
U07010,2022-08-18,BASIC
U06605,2022-07-09,BASIC
U05176,2021-09-25,BASIC
U01921,2023-04-30,BASIC
U01140,2022-07-16,BASIC
U07418,2023-03-25,PREMIUM
U07935,2023-03-27,BASIC
U03791,2023-08-21,BASIC
U02075,2023-02-18,BASIC
U01289,2023-04-13,PREMIUM
U01231,2021-06-29,PREMIUM
U0897,2021-05-26,BASIC
U03550,2022-11-16,BASIC
U1060,2022-01-05,BASIC
U00727,2022-05-28,BASIC
U02139,2022-06-17,PREMIUM
U0808,2021-05-05,PREMIUM
U05408,2023-02-18,BASIC
U06808,2021-05-26,BASIC
U06388,2021-07-06,BASIC
U0988,2022-09-20,BASIC
U05270,2022-01-05,BASIC
U03437,2022-11-27,BASIC
U02439,2022-10-27,BASIC
U07686,2021-03-12,BASIC
U06108,2023-08-08,BASIC
U0131,2023-06-15,BASIC
U0760,2022-09-08,PREMIUM
U1928,2022-01-09,PREMIUM
U02408,2022-06-17,BASIC
U05635,2023-03-22,PREMIUM
U07535,2021-07-06,PREMIUM
U0949,2022-10-06,PREMIUM
U07868,2023-01-10,BASIC
U0040,2022-08-02,PREMIUM
U06996,2022-06-03,BASIC
U02932,2021-03-06,BASIC
U03964,2022-10-31,BASIC
U00498,2022-11-04,BASIC
U07016,2021-01-07,BASIC
U04906,2021-01-13,BASIC
U04108,2021-06-13,BASIC
U06202,2023-05-08,BASIC
U0127,2022-12-12,PREMIUM
U00410,2023-02-25,PREMIUM
U0694,2022-10-28,BASIC
U07866,2022-09-28,BASIC
U06361,2021-03-12,PREMIUM
U03784,2023-05-30,PREMIUM
U02578,2022-07-17,PREMIUM
U05973,2022-12-21,BASIC
U01727,2021-07-30,BASIC
U00558,2022-01-25,PREMIUM
U00787,2021-02-08,PREMIUM
U1617,2023-07-21,BASIC
U05719,2021-09-15,BASIC
U00509,2023-07-15,BASIC
U00833,2023-05-31,BASIC
U1889,2021-10-09,BASIC
U03282,2022-06-03,BASIC
U02897,2021-04-24,BASIC
U0242,2023-03-26,PREMIUM
U02553,2022-10-21,BASIC
U05123,2021-01-13,PREMIUM
U04551,2023-03-02,BASIC
U02039,2023-01-14,BASIC
U06272,2022-07-20,PREMIUM
U1984,2022-01-14,BASIC
U0856,2022-10-04,BASIC
U05802,2023-02-26,BASIC
U07653,2022-07-21,BASIC
U0404,2021-12-12,PREMIUM
U03369,2022-03-14,BASIC
U07947,2023-03-02,BASIC
U06412,2022-11-24,BASIC
U07455,2021-02-13,PREMIUM
U02727,2021-05-04,PREMIUM
U05273,2022-05-07,BASIC
U04772,2021-04-22,BASIC
U02445,2022-12-31,PREMIUM
U05448,2022-05-05,PREMIUM
U1433,2021-07-09,BASIC
U05711,2021-08-02,BASIC
U07587,2022-12-16,BASIC
U00564,2021-05-07,PREMIUM
U05125,2022-05-13,PREMIUM
U06538,2022-09-15,BASIC
U07604,2022-06-13,BASIC
U03521,2021-01-10,PREMIUM
U07615,2022-07-13,BASIC
U01085,2021-09-11,BASIC
U00961,2021-11-20,PREMIUM
U00104,2021-03-02,BASIC
U0097,2022-12-05,BASIC
U04815,2022-03-15,PREMIUM
U00495,2021-03-27,BASIC
U00667,2022-04-23,BASIC
U06496,2022-07-21,PREMIUM
U06427,2022-10-26,PREMIUM
U07268,2021-02-25,BASIC
U02213,2023-04-17,PREMIUM
U01876,2021-11-09,BASIC
U00819,2021-07-12,BASIC
U06270,2022-01-16,PREMIUM
U07817,2022-10-14,BASIC
U05428,2022-11-29,BASIC
U06604,2021-05-21,BASIC
U06477,2022-06-07,BASIC
U1577,2021-10-15,BASIC
U05399,2022-08-08,PREMIUM
U02257,2023-09-23,BASIC
U06290,2022-06-24,BASIC
U00477,2022-12-30,PREMIUM
U07986,2021-07-13,BASIC
U01715,2021-01-14,BASIC
U06980,2021-05-24,BASIC
U0225,2022-06-10,BASIC
U0960,2023-04-15,BASIC
U07193,2021-05-08,PREMIUM
U03191,2023-06-24,BASIC
U03474,2022-04-23,BASIC
U0672,2022-07-19,BASIC
U05845,2021-04-26,PREMIUM
U03103,2023-04-30,PREMIUM
U04766,2021-04-03,BASIC
U1680,2021-11-26,PREMIUM
U1264,2023-06-02,BASIC
U06255,2022-10-28,BASIC
U00351,2022-04-04,PREMIUM
U04604,2022-08-31,BASIC
U04782,2021-08-10,BASIC
U02360,2021-03-03,BASIC
U1003,2021-06-22,BASIC
U07990,2021-06-10,BASIC
U06681,2021-10-02,BASIC
U07577,2022-10-11,PREMIUM
U04654,2023-02-20,BASIC
U0772,2021-04-08,BASIC
U05329,2021-09-03,BASIC
U05624,2023-01-11,BASIC
U0797,2022-01-25,BASIC
U00854,2022-12-05,BASIC
U0150,2021-07-08,BASIC
U1470,2021-02-08,BASIC
U01181,2022-10-10,PREMIUM
U1168,2021-04-09,BASIC
U01042,2023-05-09,BASIC
U03012,2021-11-17,BASIC
U06729,2022-10-25,PREMIUM
U05002,2021-07-06,BASIC
U01275,2021-07-25,PREMIUM
U05229,2022-07-04,BASIC
U01685,2021-04-14,BASIC
U04676,2021-12-22,BASIC
U04809,2023-09-13,PREMIUM
U07740,2021-10-03,BASIC
U1616,2021-02-09,BASIC
U01227,2023-08-27,BASIC
U0365,2021-09-25,BASIC
U02817,2022-07-13,PREMIUM
U06461,2021-06-21,BASIC
U03754,2021-04-14,BASIC
U07147,2023-07-17,BASIC
U02618,2023-03-07,PREMIUM
U01099,2023-01-23,BASIC
U04871,2023-02-02,PREMIUM
U1554,2022-05-18,PREMIUM
U05287,2023-03-13,BASIC
U04286,2022-09-30,BASIC
U03497,2022-05-27,PREMIUM
U03293,2022-10-09,BASIC
U1851,2021-05-08,PREMIUM
U03205,2022-03-14,PREMIUM
U06229,2022-03-03,PREMIUM
U03049,2022-12-04,BASIC
U04443,2021-01-03,BASIC
U06107,2021-04-20,PREMIUM
U00361,2021-04-09,BASIC
U07382,2023-03-31,BASIC
U01656,2022-02-25,BASIC
U05054,2023-02-07,BASIC
U0649,2023-01-08,PREMIUM
U07128,2021-03-20,BASIC
U02447,2022-10-10,BASIC
U00139,2022-05-21,BASIC
U04789,2021-01-13,PREMIUM
U07754,2022-07-10,BASIC
U06512,2022-02-20,BASIC
U07541,2021-04-24,BASIC
U04896,2021-04-03,PREMIUM
U06571,2022-02-12,BASIC
U05153,2023-04-05,BASIC
U0297,2022-11-29,BASIC
U04014,2023-03-01,BASIC
U02884,2023-04-20,BASIC
U1527,2021-03-04,BASIC
U07034,2021-11-27,PREMIUM
U04938,2023-07-09,PREMIUM
U04544,2022-08-16,BASIC
U03245,2021-06-20,BASIC
U02433,2023-02-08,PREMIUM
U0318,2023-05-28,PREMIUM
U06214,2023-01-22,BASIC
U06378,2023-04-26,PREMIUM
U06629,2021-11-19,BASIC
U06236,2022-01-04,PREMIUM
U02401,2023-05-23,BASIC
U03254,2021-04-29,BASIC
U0641,2021-08-03,BASIC
U02762,2022-02-20,PREMIUM
U1471,2022-05-28,BASIC
U00865,2022-08-12,BASIC
U04473,2022-05-19,BASIC
U04230,2021-12-28,BASIC
U00991,2022-04-04,BASIC
U05119,2022-05-26,BASIC
U05012,2023-09-06,BASIC
U06559,2022-05-11,BASIC
U1148,2023-04-20,BASIC
U07749,2022-09-04,BASIC
U00877,2022-03-30,BASIC
U07100,2022-03-08,BASIC
U06790,2021-10-24,BASIC
U05234,2022-08-03,PREMIUM
U01728,2021-04-11,BASIC
U00774,2022-05-05,BASIC
U0991,2022-04-26,BASIC
U06191,2022-04-21,BASIC
U1453,2023-04-25,BASIC
U01714,2023-09-01,BASIC
U07854,2022-09-29,BASIC
U1825,2023-08-29,BASIC
U1128,2023-05-27,BASIC
U05763,2021-01-12,BASIC
U01555,2022-08-13,BASIC
U02116,2022-09-05,PREMIUM
U0062,2021-10-12,BASIC
U01175,2021-02-24,BASIC
U07399,2022-06-22,PREMIUM
U1793,2023-09-08,BASIC
U01232,2022-12-03,PREMIUM
U01830,2021-05-17,BASIC
U06653,2022-08-11,PREMIUM
U03210,2021-08-23,BASIC
U05850,2021-01-09,BASIC
U03706,2023-01-10,BASIC
U07641,2023-09-20,PREMIUM
U06135,2023-07-29,BASIC
U0723,2022-11-22,BASIC
U03107,2021-03-24,PREMIUM
U06895,2022-08-28,PREMIUM
U01293,2021-08-26,BASIC
U06127,2023-04-17,BASIC
U07633,2022-11-17,PREMIUM
U07023,2023-07-09,BASIC
U02911,2021-07-23,BASIC
U02442,2022-07-27,BASIC
U0066,2021-09-10,BASIC
U07238,2022-06-14,BASIC
U07885,2022-10-23,PREMIUM
U05707,2022-04-04,BASIC
U04259,2021-10-12,BASIC
U04091,2021-03-02,BASIC
U03240,2023-02-19,BASIC
U1261,2021-04-17,BASIC
U07072,2022-01-14,PREMIUM
U05521,2023-01-21,PREMIUM
U04814,2022-09-20,BASIC
U06322,2021-06-30,BASIC
U05177,2021-11-17,PREMIUM
U02472,2021-05-16,BASIC
U1221,2022-04-21,BASIC
U0052,2022-07-25,BASIC
U03759,2021-07-17,PREMIUM
U04529,2022-09-08,BASIC
U04296,2022-11-05,BASIC
U05597,2023-01-03,BASIC
U01251,2021-02-11,PREMIUM
U04572,2022-01-13,BASIC
U04640,2023-08-15,PREMIUM
U05353,2021-01-25,PREMIUM
U07174,2021-11-06,PREMIUM
U05475,2021-08-27,BASIC
U07603,2021-03-23,PREMIUM
U06675,2023-07-28,PREMIUM
U1678,2023-03-17,PREMIUM
U00291,2022-03-24,BASIC
U00742,2022-09-24,BASIC
U02587,2022-10-29,BASIC
U1686,2021-01-07,BASIC
U04982,2023-09-08,PREMIUM
U03180,2022-04-04,PREMIUM
U02295,2021-06-03,PREMIUM
U0989,2023-03-11,BASIC
U04264,2022-11-03,BASIC
U0979,2021-03-22,BASIC
U0915,2023-05-19,BASIC
U01955,2022-08-04,BASIC
U1863,2021-02-13,BASIC
U06466,2022-11-14,BASIC
U0551,2023-02-15,PREMIUM
U0872,2023-03-13,BASIC
U06507,2022-03-09,BASIC
U1906,2021-06-14,BASIC
U1987,2023-07-09,BASIC
U00205,2022-08-25,BASIC
U01570,2023-02-09,BASIC
U04118,2023-06-07,BASIC
U07972,2022-02-06,BASIC
U04054,2022-01-02,BASIC
U01180,2023-06-27,PREMIUM
U01194,2023-05-22,BASIC
U04101,2021-10-31,BASIC
U05031,2021-02-22,PREMIUM
U0456,2021-02-22,BASIC
U04658,2022-11-30,BASIC
U05117,2023-01-28,BASIC
U06804,2021-12-21,BASIC
U04278,2022-09-12,BASIC
U06986,2021-08-05,PREMIUM
U03899,2022-07-13,PREMIUM
U03726,2022-06-05,PREMIUM
U1313,2022-05-12,PREMIUM
U0813,2021-09-29,BASIC
U01083,2022-05-24,BASIC
U01468,2021-04-07,BASIC
U04432,2021-11-29,BASIC
U07313,2022-06-05,BASIC
U05064,2021-11-04,BASIC
U07729,2022-04-02,BASIC
U03545,2022-08-26,PREMIUM
U02358,2021-01-16,BASIC
U00115,2021-03-03,BASIC
U06221,2023-09-01,PREMIUM
U01218,2022-10-25,BASIC
U01816,2022-02-05,PREMIUM
U06323,2022-07-30,PREMIUM
U06591,2022-01-03,PREMIUM
U00280,2021-08-12,PREMIUM
U02601,2021-08-23,PREMIUM
U1429,2022-04-04,BASIC
U07227,2021-12-08,PREMIUM
U1136,2023-03-05,BASIC
U00367,2023-03-08,BASIC
U02650,2022-09-04,PREMIUM
U1729,2021-06-09,BASIC
U06523,2023-06-09,BASIC
U04479,2021-07-20,PREMIUM
U0959,2023-01-29,BASIC
U04897,2023-05-12,BASIC
U01593,2021-05-04,BASIC
U05906,2021-05-09,PREMIUM
U00960,2023-02-22,BASIC
U0863,2023-07-10,BASIC
U01716,2022-09-25,BASIC
U02734,2021-07-20,BASIC
U1183,2021-04-05,PREMIUM
U03633,2021-02-09,BASIC
U04565,2021-03-02,PREMIUM
U02705,2023-02-11,PREMIUM
U1994,2023-04-13,BASIC
U07757,2021-05-14,BASIC
U0165,2022-10-30,BASIC
U04677,2023-07-17,PREMIUM
U01455,2022-02-01,BASIC
U00073,2023-07-15,BASIC
U07742,2022-07-12,BASIC
U0645,2023-07-19,BASIC
U05007,2023-06-28,BASIC
U1747,2023-08-11,BASIC
U04080,2022-03-12,BASIC
U04238,2021-05-17,BASIC
U00922,2023-03-27,PREMIUM
U02646,2022-07-14,PREMIUM
U0294,2022-07-05,PREMIUM
U05059,2023-03-10,BASIC
U01667,2023-03-18,BASIC
U05981,2022-07-07,BASIC
U1879,2021-07-03,PREMIUM
U02792,2023-04-30,BASIC
U00358,2021-10-12,BASIC
U1495,2021-05-11,BASIC
U07941,2023-07-27,BASIC
U01429,2022-12-01,BASIC
U01640,2022-04-11,BASIC
U0662,2021-04-19,PREMIUM
U0205,2023-04-20,PREMIUM
U05181,2022-12-03,BASIC
U02111,2022-05-01,BASIC
U05869,2022-10-11,BASIC
U02906,2023-03-21,PREMIUM
U05296,2023-08-18,BASIC
U0956,2023-09-13,PREMIUM
U1807,2023-06-14,BASIC
U1754,2021-11-05,BASIC
U1861,2023-08-31,BASIC
U0838,2021-06-20,PREMIUM
U1528,2022-10-21,BASIC
U00432,2022-11-24,PREMIUM
U06444,2021-06-04,BASIC
U01391,2023-09-09,BASIC
U01913,2022-08-05,BASIC
U03385,2021-09-05,BASIC
U1512,2022-12-28,BASIC
U01146,2021-12-08,BASIC
U04919,2023-06-14,BASIC
U00058,2021-02-08,BASIC
U1153,2021-02-08,BASIC
U1615,2022-08-04,BASIC
U04084,2022-01-01,BASIC
U07272,2021-01-18,BASIC
U07680,2022-05-02,BASIC
U1510,2021-09-27,BASIC
U01043,2021-10-20,BASIC
U1580,2022-01-26,BASIC
U1328,2022-01-23,BASIC
U05016,2021-09-27,BASIC
U01176,2023-07-01,PREMIUM
U0806,2023-04-09,BASIC
U05835,2022-06-18,BASIC
U04734,2021-06-04,PREMIUM
U0737,2021-01-12,BASIC
U04370,2021-07-26,BASIC
U1024,2022-03-12,BASIC
U06034,2021-11-28,PREMIUM
U04049,2022-05-22,BASIC
U00722,2021-05-13,PREMIUM
U07814,2022-05-18,BASIC
U01119,2021-03-14,BASIC
U07467,2023-04-09,BASIC
U01764,2022-11-29,PREMIUM
U1558,2022-11-30,BASIC
U0773,2022-08-19,BASIC
U01498,2023-04-25,PREMIUM
U06819,2021-06-02,PREMIUM
U00045,2023-01-09,BASIC
U03422,2023-01-22,PREMIUM
U04156,2021-12-01,PREMIUM
U06359,2021-09-17,BASIC
U06709,2021-11-06,BASIC
U06467,2022-12-23,PREMIUM
U02169,2022-05-01,PREMIUM
U01790,2021-04-27,PREMIUM
U1913,2023-09-19,PREMIUM
U07913,2023-07-09,BASIC
U07988,2021-08-06,PREMIUM
U0424,2022-12-21,BASIC
U04646,2022-03-27,PREMIUM
U07035,2022-06-22,BASIC
U07953,2021-12-09,BASIC
U06961,2022-01-10,BASIC
U0206,2021-03-23,BASIC
U0753,2021-01-29,BASIC
U01226,2023-01-31,BASIC
U0328,2022-06-22,BASIC
U05727,2021-08-29,PREMIUM
U00948,2021-01-21,PREMIUM
U02475,2023-06-11,BASIC
U03657,2022-11-12,BASIC
U04061,2023-07-11,BASIC
U1949,2021-12-14,PREMIUM
U04344,2023-07-14,BASIC
U01635,2021-12-11,PREMIUM
U1837,2021-02-20,BASIC
U01382,2022-04-30,BASIC
U01678,2022-08-07,BASIC
U03778,2021-09-02,BASIC
U07047,2022-08-25,BASIC
U04575,2023-07-12,BASIC
U03181,2023-04-02,BASIC
U0256,2022-08-25,BASIC
U01612,2021-02-08,BASIC
U07760,2021-12-22,PREMIUM
U04637,2021-10-03,PREMIUM
U07999,2023-01-11,PREMIUM
U0601,2021-03-17,BASIC
U01058,2022-03-15,BASIC
U1803,2023-07-08,BASIC
U01600,2021-06-21,BASIC
U0444,2021-08-21,BASIC
U05426,2022-09-07,BASIC
U03628,2023-06-16,BASIC
U1430,2023-09-15,BASIC
U02181,2022-04-02,BASIC
U04448,2021-02-28,BASIC
U02118,2023-06-11,BASIC
U1244,2022-08-17,BASIC
U00898,2023-04-08,BASIC
U01780,2021-11-15,BASIC
U03660,2023-01-31,BASIC
U01095,2022-01-09,PREMIUM
U01157,2023-03-09,BASIC
U0215,2023-03-16,BASIC
U07624,2023-09-24,BASIC
U1799,2023-03-17,BASIC
U00846,2021-02-22,BASIC
U01344,2022-11-21,PREMIUM
U1709,2022-07-15,BASIC
U04542,2021-07-26,BASIC
U07475,2022-09-23,BASIC
U01358,2022-05-09,PREMIUM
U05815,2021-06-13,PREMIUM
U06222,2023-02-18,PREMIUM
U07229,2022-12-27,BASIC
U00430,2023-08-18,BASIC
U03045,2022-02-12,PREMIUM
U03348,2021-01-25,BASIC
U02813,2023-05-16,PREMIUM
U06478,2022-08-03,BASIC
U1915,2021-12-02,BASIC
U02801,2023-05-03,PREMIUM
U05439,2022-03-15,BASIC
U00355,2022-04-27,BASIC
U04355,2022-03-27,PREMIUM
U02571,2022-03-26,BASIC
U06215,2022-07-05,BASIC
U00754,2021-11-30,BASIC
U06075,2022-08-22,BASIC
U1164,2022-11-08,PREMIUM
U05493,2022-02-11,PREMIUM
U0493,2021-08-21,BASIC
U07267,2022-04-17,BASIC
U05061,2021-09-12,BASIC
U0702,2021-04-23,BASIC
U03086,2021-11-21,BASIC
U00384,2022-08-27,BASIC
U1930,2022-03-20,PREMIUM
U1234,2023-01-19,BASIC
U03354,2022-04-06,BASIC
U03447,2021-01-19,PREMIUM
U0249,2021-08-12,PREMIUM
U02545,2023-08-20,BASIC
U06818,2023-09-23,BASIC
U00066,2022-11-28,BASIC
U0271,2021-05-06,BASIC
U03345,2021-12-28,BASIC
U0805,2022-09-30,BASIC
U00405,2021-06-12,PREMIUM
U02000,2022-06-01,BASIC
U01743,2023-09-27,BASIC
U07224,2021-09-22,PREMIUM
U00721,2021-09-14,PREMIUM
U07201,2021-05-12,PREMIUM
U03152,2021-04-11,BASIC
U00810,2023-02-15,BASIC
U0719,2022-10-27,BASIC
U06927,2021-11-04,PREMIUM
U02797,2023-02-01,PREMIUM
U00471,2022-05-10,BASIC
U01740,2023-01-12,PREMIUM
U02288,2022-05-22,BASIC
U00606,2021-02-04,BASIC
U1151,2021-05-24,BASIC
U04926,2021-01-11,BASIC
U1967,2021-03-28,PREMIUM
U00141,2023-06-07,PREMIUM
U01241,2023-07-28,PREMIUM
U00385,2023-09-16,BASIC
U05316,2021-06-11,BASIC
U02313,2021-03-14,BASIC
U0684,2023-01-29,BASIC
U01932,2022-10-01,BASIC
U04185,2022-01-20,BASIC
U1938,2023-06-30,BASIC
U07389,2023-06-16,BASIC
U00164,2021-06-09,BASIC
U00398,2021-09-14,PREMIUM
U1389,2023-06-26,PREMIUM
U03235,2023-07-10,BASIC
U03070,2022-03-17,BASIC
U02038,2022-01-11,BASIC
U01022,2023-07-07,BASIC
U06230,2021-10-02,BASIC
U03297,2022-04-02,BASIC
U01974,2023-06-14,BASIC
U03372,2022-07-13,PREMIUM
U02135,2021-05-09,BASIC
U0507,2023-08-17,BASIC
U05293,2021-03-14,BASIC
U0025,2022-02-12,PREMIUM
U07308,2021-12-29,BASIC
U03018,2022-06-17,BASIC
U07732,2021-07-24,BASIC
U05492,2023-03-28,PREMIUM
U0583,2021-02-18,PREMIUM
U1464,2023-05-27,BASIC
U0095,2022-10-04,BASIC
U1737,2022-04-23,PREMIUM
U02677,2021-05-06,BASIC
U0792,2022-04-01,BASIC
U05289,2021-09-07,BASIC
U02878,2023-07-30,PREMIUM
U05908,2023-06-06,BASIC
U06196,2023-05-04,PREMIUM
U07381,2023-06-16,PREMIUM
U00468,2021-11-16,PREMIUM
U05659,2022-05-30,BASIC
U0145,2022-05-16,PREMIUM
U00738,2021-07-23,BASIC
U1569,2021-03-31,BASIC
U05216,2022-03-26,BASIC
U06247,2022-01-11,PREMIUM
U1415,2021-02-28,BASIC
U01847,2023-04-29,BASIC
U04404,2021-05-19,BASIC
U1350,2021-05-23,BASIC
U00267,2022-03-13,PREMIUM
U1456,2022-09-26,PREMIUM
U05276,2022-01-02,BASIC
U0516,2023-06-30,BASIC
U01566,2022-11-07,PREMIUM
U03431,2022-11-12,BASIC
U05829,2022-10-15,BASIC
U03692,2022-06-26,BASIC
U05880,2022-03-17,BASIC
U0132,2021-12-29,PREMIUM
U06204,2022-09-19,BASIC
U05488,2021-01-06,BASIC
U1918,2022-01-31,PREMIUM
U02807,2021-06-13,BASIC
U07154,2022-06-30,BASIC
U05513,2023-06-22,BASIC
U06058,2023-05-27,PREMIUM
U02496,2023-02-28,BASIC
U00634,2022-08-31,BASIC
U06902,2021-04-05,PREMIUM
U06625,2021-03-09,PREMIUM
U05834,2023-05-18,BASIC
U02390,2021-01-08,BASIC
U1881,2022-11-06,BASIC
U04469,2022-11-02,BASIC
U00035,2022-02-01,BASIC
U07129,2022-08-05,BASIC
U1605,2022-09-26,BASIC
U00052,2021-05-21,PREMIUM
U01762,2023-01-11,PREMIUM
U02437,2021-09-19,BASIC
U01432,2023-07-06,PREMIUM
U06192,2021-02-21,BASIC
U06755,2022-11-11,BASIC
U05071,2023-02-01,BASIC
U02363,2022-11-01,BASIC
U0986,2022-01-21,BASIC
U01513,2021-08-20,BASIC
U1241,2022-07-18,PREMIUM
U06438,2021-02-02,PREMIUM
U00034,2023-07-10,BASIC
U07666,2022-02-12,BASIC
U01812,2023-04-05,PREMIUM
U02348,2022-05-29,BASIC
U0595,2023-06-02,BASIC
U01243,2021-12-08,BASIC
U06504,2021-08-08,BASIC
U07920,2021-03-11,BASIC
U05566,2021-08-25,BASIC
U1954,2021-03-21,PREMIUM
U07120,2022-09-20,BASIC
U04642,2021-04-01,BASIC
U05696,2022-01-10,BASIC
U06232,2023-06-21,BASIC
U05128,2021-04-04,BASIC
U02280,2022-09-04,PREMIUM
U00985,2023-08-03,PREMIUM
U1856,2021-01-15,BASIC
U05982,2021-12-02,PREMIUM
U00669,2021-10-25,BASIC
U05140,2022-09-20,BASIC
U01225,2023-09-14,BASIC
U05695,2022-08-29,BASIC
U03394,2022-07-27,BASIC
U1604,2022-10-03,BASIC
U07904,2023-04-22,BASIC
U0802,2022-10-08,BASIC
U02499,2023-07-24,PREMIUM
U01044,2022-08-03,BASIC
U00421,2021-11-05,BASIC
U03087,2023-07-29,PREMIUM
U01296,2023-06-18,PREMIUM
U04739,2022-04-16,PREMIUM
U0518,2023-03-17,BASIC
U0275,2022-09-19,BASIC
U07119,2021-01-24,PREMIUM
U02234,2022-10-22,BASIC
U05688,2022-05-10,PREMIUM
U02432,2021-12-27,BASIC
U0392,2022-09-17,BASIC
U07860,2022-10-14,BASIC
U05126,2023-01-03,BASIC
U03915,2023-01-30,BASIC
U06594,2022-02-24,PREMIUM
U02808,2023-06-05,BASIC
U06956,2021-01-13,PREMIUM
U06240,2023-05-17,BASIC
U06046,2022-03-16,PREMIUM
U07784,2021-03-10,BASIC
U01995,2021-07-17,PREMIUM
U07553,2022-12-16,PREMIUM
U04611,2022-11-21,PREMIUM
U03321,2022-04-16,BASIC
U05121,2021-10-13,BASIC
U00423,2022-08-14,PREMIUM
U03606,2021-03-25,BASIC
U1468,2021-01-07,BASIC
U07017,2021-06-04,BASIC
U07720,2023-01-18,BASIC
U0586,2021-05-28,BASIC
U06409,2023-03-15,PREMIUM
U1449,2021-01-26,BASIC
U07546,2021-08-03,PREMIUM
U05984,2021-06-09,BASIC
U01642,2022-06-25,PREMIUM
U1733,2022-10-22,BASIC
U06830,2023-07-04,BASIC
U01006,2023-08-10,BASIC
U04962,2022-06-14,BASIC
U02092,2023-08-02,PREMIUM
U00324,2023-06-05,PREMIUM
U04669,2021-06-15,BASIC
U05011,2022-01-25,BASIC
U02199,2022-11-23,BASIC
U01551,2022-07-15,BASIC
U06365,2021-07-08,BASIC
U02205,2021-11-10,BASIC
U07312,2023-04-26,BASIC
U06938,2023-05-03,BASIC
U04187,2021-02-07,PREMIUM
U1757,2022-04-14,BASIC
U1858,2022-10-09,BASIC
U0524,2023-01-09,PREMIUM
U03762,2022-01-13,BASIC
U03138,2023-02-24,PREMIUM
U00345,2021-02-02,PREMIUM
U00122,2022-07-25,BASIC
U0403,2021-10-19,BASIC
U05619,2023-02-22,PREMIUM
U0563,2021-01-28,BASIC
U0761,2022-08-30,BASIC
U04124,2022-05-05,BASIC
U05676,2021-03-10,BASIC
U05103,2021-11-11,BASIC
U0486,2022-12-01,BASIC
U05717,2023-06-13,BASIC
U07083,2023-08-25,BASIC
U05481,2023-03-06,BASIC
U04214,2021-03-02,PREMIUM
U02855,2022-12-05,BASIC
U00713,2021-09-27,BASIC
U04768,2022-10-16,BASIC
U02152,2023-04-17,PREMIUM
U1823,2023-09-25,BASIC
U06380,2022-10-20,BASIC
U07391,2023-02-28,PREMIUM
U07709,2021-10-13,BASIC
U07123,2021-02-19,PREMIUM
U01852,2022-03-02,BASIC
U06342,2022-01-16,BASIC
U02126,2023-01-28,PREMIUM
U06965,2021-04-09,BASIC
U02790,2021-04-09,PREMIUM
U00868,2023-08-29,BASIC
U1648,2023-02-24,BASIC
U03943,2023-01-01,BASIC
U01069,2023-09-04,PREMIUM
U07060,2022-12-27,BASIC
U01631,2021-09-13,PREMIUM
U07457,2023-03-05,BASIC
U06951,2021-07-02,BASIC
U01030,2023-02-22,BASIC
U00971,2022-07-18,BASIC
U06648,2023-08-28,BASIC
U04138,2022-10-11,BASIC
U06803,2023-06-04,PREMIUM
U02265,2021-07-26,BASIC
U0913,2022-11-28,PREMIUM
U07655,2021-12-21,BASIC
U00076,2021-12-06,PREMIUM
U1239,2023-03-31,PREMIUM
U06043,2023-04-28,BASIC
U0552,2021-06-28,BASIC
U05143,2021-06-29,BASIC
U03798,2022-03-28,BASIC
U05186,2023-05-13,BASIC
U06234,2023-06-03,BASIC
U03477,2022-05-10,BASIC
U07254,2021-10-11,PREMIUM
U1950,2021-12-06,BASIC
U06635,2022-03-08,BASIC
U07231,2022-11-05,PREMIUM
U00053,2021-10-01,BASIC
U00543,2021-09-21,BASIC
U0247,2022-09-16,PREMIUM
U03879,2021-04-07,PREMIUM
U05370,2023-09-15,BASIC
U1008,2023-04-23,BASIC
U06430,2021-04-11,PREMIUM
U07096,2022-11-30,BASIC
U00601,2021-02-28,BASIC
U00575,2022-06-21,PREMIUM
U01188,2021-12-14,BASIC
U00770,2021-06-10,PREMIUM
U02833,2022-06-13,BASIC
U02225,2021-03-07,BASIC
U07651,2023-05-25,BASIC
U00108,2022-12-11,PREMIUM
U00681,2023-04-08,PREMIUM
U1549,2023-02-16,BASIC
U06933,2023-03-02,BASIC
U07661,2023-02-14,BASIC
U05085,2022-12-18,BASIC
U0829,2022-07-08,PREMIUM
U1423,2021-03-10,BASIC
U1120,2021-12-22,BASIC
U07488,2022-11-12,BASIC
U02568,2023-03-08,BASIC
U07671,2022-07-15,PREMIUM
U02843,2022-11-26,PREMIUM
U01596,2023-03-01,PREMIUM
U04037,2023-03-11,BASIC
U04854,2022-09-23,BASIC
U06707,2022-09-30,PREMIUM
U02179,2021-12-30,BASIC
U0568,2022-08-30,PREMIUM
U01454,2022-07-08,PREMIUM
U01697,2021-08-19,BASIC
U02244,2022-03-18,BASIC
U00200,2021-02-07,PREMIUM
U02427,2021-07-13,PREMIUM
U04152,2022-09-18,BASIC
U1182,2022-10-18,BASIC
U1883,2022-02-02,BASIC
U03007,2022-09-22,BASIC
U04614,2021-08-05,BASIC
U06358,2022-12-31,BASIC
U03621,2022-05-20,PREMIUM
U02549,2022-10-01,BASIC
U00540,2022-07-07,BASIC
U03209,2021-09-09,PREMIUM
U07516,2021-04-07,BASIC
U07011,2022-07-08,BASIC
U01056,2023-08-28,BASIC
U01677,2022-10-18,BASIC
U05778,2023-03-15,BASIC
U05220,2023-05-21,PREMIUM
U04724,2021-06-19,BASIC
U01302,2021-04-27,BASIC
U01312,2023-08-14,BASIC
U05223,2021-01-06,BASIC
U06521,2021-09-08,PREMIUM
U03956,2022-08-09,PREMIUM
U1656,2023-01-21,BASIC
U01464,2021-05-10,BASIC
U05645,2022-02-20,PREMIUM
U1175,2021-09-01,PREMIUM
U01453,2021-01-21,BASIC
U04307,2021-05-27,BASIC
U1736,2022-02-24,PREMIUM
U02875,2021-11-25,BASIC
U06040,2021-01-22,BASIC
U01337,2022-04-12,PREMIUM
U04018,2021-01-25,PREMIUM
U02928,2021-11-23,BASIC
U03799,2023-07-03,BASIC
U07833,2023-02-19,BASIC
U03085,2022-01-25,BASIC
U04647,2021-12-31,PREMIUM
U03492,2022-02-25,BASIC
U0869,2022-11-26,BASIC
U00067,2021-09-29,BASIC
U07502,2021-06-29,BASIC
U05313,2022-07-10,PREMIUM
U06479,2023-06-10,BASIC
U02526,2021-10-28,BASIC
U00719,2023-05-12,BASIC
U00081,2021-01-03,BASIC
U06916,2022-05-24,BASIC
U0315,2023-08-26,PREMIUM
U06060,2022-02-04,BASIC
U00484,2022-11-22,BASIC
U1962,2023-07-04,BASIC
U02424,2022-08-02,BASIC
U04706,2023-05-05,BASIC
U03184,2023-09-20,PREMIUM
U06535,2021-02-04,BASIC
U01703,2021-01-13,BASIC
U02245,2023-07-10,BASIC
U0900,2021-09-15,BASIC
U01434,2023-02-07,PREMIUM
U02946,2021-05-07,BASIC
U0438,2022-06-24,BASIC
U07486,2022-09-01,PREMIUM
U00715,2023-08-28,BASIC
U02759,2023-06-18,BASIC
U07547,2022-03-20,BASIC
U04322,2021-07-14,BASIC
U03977,2023-04-14,BASIC
U01574,2021-06-09,BASIC
U03301,2021-08-13,BASIC
U0014,2021-05-17,BASIC
U1041,2021-09-14,BASIC
U02973,2021-02-14,BASIC
U04785,2021-06-05,BASIC
U01602,2022-03-11,BASIC
U04492,2022-04-30,BASIC
U06611,2021-11-15,BASIC
U07980,2021-11-05,PREMIUM
U06072,2022-01-31,BASIC
U06579,2022-09-14,BASIC
U05975,2022-06-18,BASIC
U1156,2021-01-25,BASIC
U0339,2021-02-05,BASIC
U06768,2023-04-05,PREMIUM
U05972,2021-09-03,PREMIUM
U02214,2022-09-12,BASIC
U04458,2022-09-11,BASIC
U01509,2021-01-17,PREMIUM
U06395,2023-07-31,PREMIUM
U05114,2021-09-29,BASIC
U00710,2021-01-10,PREMIUM
U03033,2022-04-29,PREMIUM
U04516,2022-04-30,BASIC
U02664,2021-07-12,BASIC
U02023,2021-08-31,BASIC
U0246,2023-04-01,BASIC
U07427,2021-01-10,BASIC
U00874,2022-10-06,BASIC
U01032,2023-09-11,PREMIUM
U1169,2022-11-20,BASIC
U01419,2021-08-01,BASIC
U01478,2023-03-13,BASIC
U07554,2021-03-15,BASIC
U0484,2022-08-16,PREMIUM
U01799,2021-07-02,PREMIUM
U01370,2021-04-11,BASIC
U05198,2021-12-08,BASIC
U07643,2023-02-26,BASIC
U03111,2022-07-22,BASIC
U04026,2021-05-17,BASIC
U06797,2021-03-16,BASIC
U07296,2022-09-10,BASIC
U0987,2022-01-15,BASIC
U03961,2022-03-15,BASIC
U01878,2023-04-18,BASIC
U02453,2021-04-03,BASIC
U05149,2022-01-19,BASIC
U01533,2021-11-16,BASIC
U0015,2021-08-03,PREMIUM
U05792,2021-05-04,BASIC
U1822,2022-07-12,BASIC
U05785,2023-07-15,BASIC
U00445,2023-06-13,BASIC
U06556,2021-01-16,PREMIUM
U1611,2022-10-02,PREMIUM
U0715,2021-05-24,BASIC
U04168,2021-08-02,BASIC
U03781,2022-07-29,BASIC
U00118,2021-06-02,PREMIUM
U0032,2022-03-31,PREMIUM
U04900,2022-10-12,BASIC
U00676,2023-04-17,PREMIUM
U0008,2023-02-11,BASIC
U02227,2023-07-25,BASIC
U01758,2021-08-09,PREMIUM
U00893,2021-03-17,BASIC
U00373,2022-11-18,PREMIUM
U07390,2021-08-07,PREMIUM
U01230,2023-04-15,BASIC
U05865,2021-10-27,BASIC
U04361,2021-07-12,PREMIUM
U07198,2022-03-18,PREMIUM
U05328,2021-05-09,BASIC
U04030,2022-10-12,BASIC
U0055,2022-07-30,BASIC
U02614,2021-10-06,BASIC
U00647,2021-10-22,PREMIUM
U00245,2021-12-29,BASIC
U03375,2022-11-17,BASIC
U00338,2021-08-15,BASIC
U1665,2023-02-23,BASIC
U0628,2023-03-08,BASIC
U00206,2023-07-03,BASIC
U0525,2021-10-04,BASIC
U1860,2021-08-01,BASIC
U06671,2022-12-29,PREMIUM
U03410,2023-01-04,PREMIUM
U03790,2023-04-29,BASIC
U03744,2023-04-13,BASIC
U05669,2021-08-21,BASIC
U03569,2022-12-16,BASIC
U06137,2022-08-31,BASIC
U1890,2021-12-03,BASIC
U03767,2022-08-16,BASIC
U06391,2022-02-25,PREMIUM
U1564,2023-07-11,BASIC
U02020,2022-10-12,PREMIUM
U01689,2023-05-24,PREMIUM
U1129,2022-04-22,PREMIUM
U02035,2023-06-03,BASIC
U0961,2022-12-15,PREMIUM
U00194,2022-01-30,BASIC
U00714,2022-08-15,BASIC
U00192,2022-06-21,BASIC
U02672,2023-09-15,BASIC
U03144,2022-06-17,BASIC
U03986,2023-02-17,BASIC
U04567,2023-09-17,PREMIUM
U05806,2021-03-05,PREMIUM
U04945,2021-05-25,BASIC
U00138,2023-01-23,BASIC
U1197,2021-09-07,BASIC
U0916,2023-04-11,PREMIUM
U02229,2021-06-05,BASIC
U05579,2023-08-20,BASIC
U0422,2023-08-14,BASIC
U05548,2021-05-08,BASIC
U00900,2022-04-18,BASIC
U02822,2022-01-30,BASIC
U07304,2022-05-09,BASIC
U04415,2023-01-06,BASIC
U07066,2022-10-31,PREMIUM
U06009,2022-01-21,BASIC
U03470,2022-06-04,BASIC
U03953,2022-05-29,BASIC
U01393,2022-03-31,PREMIUM
U03417,2022-05-08,BASIC
U00562,2023-06-14,BASIC
U06164,2021-04-22,BASIC
U00637,2021-09-07,PREMIUM
U03258,2022-04-10,BASIC
U01532,2022-06-04,BASIC
U06569,2022-03-01,BASIC
U0082,2021-12-31,BASIC
U1171,2021-08-19,PREMIUM
U1503,2022-07-29,PREMIUM
U05986,2022-08-24,PREMIUM
U01492,2022-02-20,BASIC
U1235,2022-05-13,BASIC
U00826,2021-04-24,BASIC
U07287,2023-03-09,BASIC
U0329,2022-03-11,PREMIUM
U06514,2022-12-28,BASIC
U0535,2023-08-13,BASIC
U03289,2022-07-09,BASIC
U00062,2022-04-22,BASIC
U07957,2022-03-31,BASIC
U00221,2021-12-15,PREMIUM
U04040,2021-06-15,BASIC
U1972,2023-04-07,BASIC
U07367,2021-07-26,BASIC
U07095,2021-06-14,PREMIUM
U01746,2021-07-21,PREMIUM
U00028,2022-06-11,BASIC
U04990,2021-02-07,BASIC
U02236,2021-01-01,BASIC
U1076,2021-01-17,PREMIUM
U0833,2023-05-03,PREMIUM
U04235,2023-05-31,BASIC
U07334,2022-03-07,BASIC
U04285,2022-12-22,PREMIUM
U02210,2023-06-15,PREMIUM
U1780,2021-01-28,BASIC
U06917,2021-10-25,BASIC
U04471,2022-04-27,BASIC
U07415,2021-04-18,BASIC
U1404,2022-01-28,BASIC
U02291,2021-10-08,BASIC
U03562,2021-06-03,BASIC
U00553,2021-01-07,BASIC
U0973,2023-01-19,BASIC
U06839,2021-02-11,BASIC
U03968,2023-09-14,BASIC
U06197,2021-02-12,BASIC
U06661,2021-05-27,BASIC
U05491,2022-07-24,BASIC
U1254,2021-03-13,BASIC
U03344,2021-07-18,BASIC
U07113,2021-09-10,PREMIUM
U02326,2022-11-07,PREMIUM
U0726,2022-07-05,BASIC
U00592,2022-08-17,BASIC
U06436,2023-01-31,PREMIUM
U01737,2021-08-15,BASIC
U01519,2022-03-12,PREMIUM
U04988,2023-04-24,BASIC
U04769,2022-03-10,PREMIUM
U03624,2023-06-09,BASIC
U1929,2021-09-01,PREMIUM
U0096,2021-03-29,BASIC
U07343,2022-07-28,BASIC
U01814,2023-03-24,BASIC
U07626,2022-06-15,BASIC
U1379,2021-10-12,PREMIUM
U03403,2022-03-22,BASIC
U00741,2022-05-12,BASIC
U00474,2022-06-28,BASIC
U04740,2021-03-16,BASIC
U04893,2021-04-20,PREMIUM
U05945,2023-03-06,BASIC
U02208,2021-10-06,BASIC
U04373,2022-02-20,PREMIUM
U1199,2022-05-21,PREMIUM
U06260,2022-07-17,PREMIUM
U05563,2023-05-08,BASIC
U04170,2021-05-15,BASIC
U01598,2023-09-07,PREMIUM
U04290,2022-05-14,BASIC
U02634,2023-05-16,PREMIUM
U1624,2021-07-07,PREMIUM
U05643,2023-09-06,BASIC
U04231,2021-11-10,BASIC
U0504,2022-10-24,BASIC
U0850,2023-02-17,BASIC
U07482,2022-08-02,BASIC
U07583,2022-01-03,PREMIUM
U03752,2021-03-29,BASIC
U06154,2022-03-13,BASIC
U01088,2021-11-16,BASIC
U07278,2021-10-22,PREMIUM
U04884,2022-09-30,BASIC
U07307,2023-06-01,BASIC
U05675,2021-06-24,PREMIUM
U01347,2021-02-25,BASIC
U06174,2021-07-31,BASIC
U07423,2021-11-23,BASIC
U03872,2022-07-19,BASIC
U04508,2022-12-28,BASIC
U00799,2022-09-30,BASIC
U1028,2023-03-26,BASIC
U1654,2021-05-28,PREMIUM
U03124,2022-09-24,BASIC
U03128,2021-01-23,PREMIUM
U02623,2022-02-24,BASIC
U04811,2022-12-22,BASIC
U0138,2022-09-16,PREMIUM
U00127,2021-11-06,BASIC
U06152,2023-06-14,BASIC
U06719,2022-03-15,BASIC
U1342,2023-04-12,BASIC
U1155,2023-08-21,BASIC
U0099,2021-09-04,PREMIUM
U03813,2023-06-19,BASIC
U0463,2022-01-04,BASIC
U02434,2022-08-07,BASIC
U01646,2021-10-10,PREMIUM
U02145,2021-04-12,PREMIUM
U00880,2022-02-01,BASIC
U04495,2021-02-13,PREMIUM
U03242,2023-06-03,PREMIUM
U07410,2022-06-19,BASIC
U04939,2021-12-21,BASIC
U05242,2021-11-04,PREMIUM
U00595,2022-12-24,BASIC
U00395,2022-03-29,BASIC
U0491,2022-04-22,BASIC
U04378,2023-04-02,BASIC
U04983,2021-03-23,BASIC
U04679,2021-07-26,BASIC
U01902,2021-08-08,BASIC
U07636,2021-12-04,BASIC
U03587,2022-10-23,BASIC
U07362,2021-09-30,BASIC
U05958,2023-03-04,BASIC
U05572,2023-03-03,PREMIUM
U04779,2021-10-23,BASIC
U1978,2023-04-17,PREMIUM
U02190,2023-09-13,PREMIUM
U1798,2021-12-23,BASIC
U01268,2022-02-09,PREMIUM
U0319,2021-11-06,BASIC
U06474,2023-08-13,PREMIUM
U07093,2022-07-29,PREMIUM
U05689,2021-01-25,BASIC
U04033,2021-08-25,PREMIUM
U04092,2023-08-04,BASIC
U04240,2021-04-19,BASIC
U05352,2021-10-29,BASIC
U05832,2023-06-05,BASIC
U0442,2021-04-06,BASIC
U04256,2023-06-14,BASIC
U0452,2023-08-16,PREMIUM
U01820,2023-01-22,PREMIUM
U04271,2022-02-05,BASIC
U02302,2023-08-05,BASIC
U03571,2021-04-15,BASIC
U05943,2021-07-14,BASIC
U02166,2022-04-22,PREMIUM
U03973,2022-02-07,PREMIUM
U01581,2022-06-07,BASIC
U00834,2022-08-11,BASIC
U03451,2023-06-05,BASIC
U01474,2023-02-28,BASIC
U04329,2021-12-20,BASIC
U0891,2021-05-09,PREMIUM
U05045,2021-03-13,BASIC
U02894,2022-12-02,PREMIUM
U00182,2022-06-25,BASIC
U05732,2023-05-08,BASIC
U01179,2022-02-04,PREMIUM
U02856,2023-01-31,PREMIUM
U02639,2021-06-21,PREMIUM
U03117,2022-04-16,BASIC
U05650,2022-06-18,PREMIUM
U02263,2023-02-03,BASIC
U0219,2022-08-29,BASIC
U05004,2021-08-12,PREMIUM
U04943,2022-03-22,BASIC
U06019,2021-12-06,PREMIUM
U04243,2022-10-24,BASIC
U07989,2021-06-13,BASIC
U04883,2023-03-16,BASIC
U02532,2022-06-04,PREMIUM
U02675,2022-04-24,PREMIUM
U04998,2023-07-01,PREMIUM
U1004,2021-08-19,PREMIUM
U01376,2022-02-24,PREMIUM
U00816,2021-03-27,BASIC
U02721,2023-07-27,PREMIUM
U04546,2022-05-29,PREMIUM
U02860,2022-11-22,BASIC
U05903,2023-07-16,BASIC
U06582,2022-01-04,BASIC
U06429,2021-01-19,PREMIUM
U0811,2023-09-17,BASIC
U02365,2021-02-04,BASIC
U1683,2021-10-06,PREMIUM
U06867,2022-08-23,PREMIUM
U0794,2022-04-01,BASIC
U05241,2021-09-26,BASIC
U01421,2021-12-04,BASIC
U02978,2022-06-12,PREMIUM
U02546,2021-11-20,PREMIUM
U03567,2021-09-23,BASIC
U05941,2021-07-14,BASIC
U0379,2021-01-12,BASIC
U07654,2022-10-28,BASIC
U00050,2023-01-29,BASIC
U03999,2022-03-28,BASIC
U04602,2023-06-12,BASIC
U05247,2021-08-16,BASIC
U02180,2023-05-26,BASIC
U02811,2021-04-01,BASIC
U07484,2022-02-17,BASIC
U05142,2021-07-20,PREMIUM
U05192,2022-12-26,BASIC
U0483,2022-09-08,BASIC
U03991,2021-11-22,BASIC
U00002,2023-09-17,BASIC
U06177,2021-03-14,BASIC
U1643,2023-07-03,PREMIUM
U1699,2021-02-23,BASIC
U07450,2022-06-19,BASIC
U07489,2022-10-25,BASIC
U0036,2021-10-12,BASIC
U07855,2021-11-03,PREMIUM
U02786,2023-09-23,BASIC
U07458,2021-04-07,BASIC
U04972,2022-05-18,BASIC
U01927,2022-11-21,BASIC
U02160,2022-10-28,PREMIUM
U05451,2022-02-09,BASIC
U06417,2022-01-18,PREMIUM
U00195,2023-08-13,BASIC
U1065,2023-05-04,BASIC
U03126,2023-06-25,BASIC
U05420,2023-06-12,BASIC
U05411,2023-04-24,PREMIUM
U06991,2021-09-27,BASIC
U00873,2022-05-09,BASIC
U0667,2021-05-02,BASIC
U0748,2022-01-13,BASIC
U02806,2022-09-05,BASIC
U0886,2023-03-30,BASIC
U05028,2022-02-26,BASIC
U03715,2023-01-23,BASIC
U01326,2022-01-25,BASIC
U05716,2022-03-24,BASIC
U1942,2022-02-24,BASIC
U1900,2023-02-03,BASIC
U00781,2021-05-06,PREMIUM
U05893,2021-07-13,PREMIUM
U04134,2023-03-07,BASIC
U03322,2023-07-29,BASIC
U05314,2021-10-09,BASIC
U05104,2022-04-19,BASIC
U04044,2023-03-06,BASIC
U01777,2021-03-01,PREMIUM
U02837,2021-10-31,BASIC
U02966,2023-02-10,BASIC
U1975,2021-11-17,PREMIUM
U05485,2021-09-02,BASIC
U00747,2022-12-20,BASIC
U01721,2022-08-10,BASIC
U04821,2023-09-03,BASIC
U07339,2022-11-28,BASIC
U02470,2023-05-31,BASIC
U0818,2021-01-23,BASIC
U05577,2022-05-02,BASIC
U06551,2022-08-20,BASIC
U03065,2021-03-16,BASIC
U0555,2022-06-16,BASIC
U05116,2021-01-02,BASIC
U07775,2023-02-13,BASIC
U06664,2021-11-05,PREMIUM
U00705,2021-10-28,PREMIUM
U01332,2021-03-01,BASIC
U06055,2021-07-14,BASIC
U01586,2022-02-06,BASIC
U07443,2021-07-17,BASIC
U03647,2021-06-30,PREMIUM
U01378,2022-02-26,PREMIUM
U0879,2023-03-23,BASIC
U04192,2023-05-10,PREMIUM
U03350,2022-05-22,PREMIUM
U02177,2022-03-26,BASIC
U02912,2021-07-13,BASIC
U0947,2021-09-25,BASIC
U04318,2021-10-16,PREMIUM
U07856,2021-09-24,PREMIUM
U00107,2022-01-15,BASIC
U0676,2023-05-07,BASIC
U03031,2021-03-15,PREMIUM
U0396,2022-10-21,PREMIUM
U1202,2021-08-11,BASIC
U05578,2022-07-11,BASIC
U0994,2021-09-11,PREMIUM
U1529,2021-02-25,BASIC
U1391,2022-09-18,BASIC
U04532,2021-02-09,BASIC
U01074,2022-02-23,BASIC
U07088,2023-04-23,BASIC
U06649,2023-03-24,BASIC
U04621,2023-07-14,PREMIUM
U07275,2021-04-23,PREMIUM
U01711,2022-07-20,BASIC
U02851,2022-02-11,BASIC
U02750,2021-11-01,BASIC
U02270,2021-09-08,PREMIUM
U07880,2023-01-22,BASIC
U06907,2021-07-10,BASIC
U02188,2022-04-21,BASIC
U03303,2022-12-30,BASIC
U00925,2023-07-13,BASIC
U04590,2021-12-06,BASIC
U0801,2021-12-25,BASIC
U01488,2023-05-06,PREMIUM
U05421,2022-03-14,BASIC
U01143,2022-01-16,BASIC
U07349,2021-05-06,PREMIUM
U1622,2023-01-02,BASIC
U02314,2023-02-02,BASIC
U05496,2021-01-26,BASIC
U06704,2022-08-15,PREMIUM
U06693,2022-11-23,BASIC
U07505,2021-04-13,BASIC
U03543,2022-09-17,PREMIUM
U04174,2021-03-29,BASIC
U0139,2021-10-29,BASIC
U07411,2022-01-26,BASIC
U00683,2022-09-15,BASIC
U07884,2023-05-04,BASIC
U04315,2022-05-24,BASIC
U1743,2021-09-06,BASIC
U03295,2022-09-15,BASIC
U1612,2022-01-31,BASIC
U05058,2023-04-07,PREMIUM
U00541,2022-01-05,BASIC
U1303,2023-08-30,BASIC
U05243,2022-07-24,BASIC
U04733,2023-07-03,PREMIUM
U02848,2022-02-21,BASIC
U04803,2023-03-22,BASIC
U06012,2021-03-19,BASIC
U02332,2022-11-04,BASIC
U06926,2021-03-14,BASIC
U03336,2023-03-11,BASIC
U05332,2022-11-01,BASIC
U07350,2022-02-17,PREMIUM
U02731,2022-10-08,BASIC
U04543,2021-12-02,PREMIUM
U03307,2021-08-02,PREMIUM
U03163,2023-09-01,PREMIUM
U05862,2023-08-12,BASIC
U00158,2022-11-21,BASIC
U1021,2021-03-13,PREMIUM
U0977,2022-02-07,BASIC
U01638,2023-03-08,PREMIUM
U05653,2021-05-30,BASIC
U03590,2021-10-09,PREMIUM
U05194,2022-02-28,BASIC
U02493,2022-07-07,BASIC
U05268,2022-04-17,BASIC
U02982,2022-01-10,BASIC
U06337,2021-11-26,BASIC
U07954,2022-04-22,BASIC
U02948,2022-11-07,PREMIUM
U00784,2021-11-02,BASIC
U0946,2022-08-30,BASIC
U00504,2021-01-02,BASIC
U02362,2022-03-08,BASIC
U02173,2022-07-26,BASIC
U06084,2022-11-12,BASIC
U07762,2021-01-18,BASIC
U1694,2023-05-02,BASIC
U05188,2022-04-26,BASIC
U07824,2022-06-06,BASIC
U02494,2022-06-13,PREMIUM
U0625,2022-05-26,BASIC
U07528,2022-06-11,PREMIUM
U06789,2022-05-13,BASIC
U03919,2021-12-04,BASIC
U02970,2022-11-16,BASIC
U00916,2023-07-31,BASIC
U03646,2022-04-16,PREMIUM
U01768,2023-06-07,BASIC
U01442,2022-09-16,BASIC
U05359,2021-03-11,BASIC
U04808,2021-10-23,BASIC
U00145,2021-02-23,BASIC
U03106,2021-05-21,BASIC
U03075,2023-02-25,BASIC
U1178,2021-10-24,BASIC
U02081,2022-05-23,BASIC
U0562,2021-05-18,BASIC
U00788,2021-08-11,BASIC
U00969,2023-08-22,BASIC
U00506,2023-03-12,BASIC
U03990,2022-07-14,BASIC
U06869,2022-01-16,BASIC
U05166,2023-02-22,PREMIUM
U1522,2022-08-28,BASIC
U05589,2023-09-22,PREMIUM
U05545,2021-05-21,PREMIUM
U1741,2023-08-15,BASIC
U03747,2022-07-17,BASIC
U05670,2023-04-21,BASIC
U0323,2021-05-13,BASIC
U01269,2022-11-06,BASIC
U01976,2021-11-23,BASIC
U06810,2021-08-29,PREMIUM
U06308,2022-12-21,PREMIUM
U1533,2023-03-12,BASIC
U04750,2022-04-03,BASIC
U06969,2023-05-02,BASIC
U00084,2022-01-11,PREMIUM
U06947,2023-03-10,BASIC
U01375,2023-03-31,PREMIUM
U03728,2022-10-13,BASIC
U02109,2023-05-25,BASIC
U02382,2023-06-24,BASIC
U05725,2021-11-27,BASIC
U1590,2022-11-05,BASIC
U01915,2023-04-21,BASIC
U03538,2022-02-08,BASIC
U06004,2022-03-11,PREMIUM
U03389,2022-02-26,PREMIUM
U03734,2023-04-16,PREMIUM
U00740,2021-11-01,BASIC
U03054,2023-02-15,BASIC
U02002,2021-01-22,BASIC
U00429,2021-12-15,PREMIUM
U04835,2021-06-28,BASIC
U1152,2023-08-05,PREMIUM
U1320,2022-06-01,BASIC
U04305,2023-01-28,PREMIUM
U07089,2021-10-25,BASIC
U03880,2022-06-01,PREMIUM
U06529,2022-01-22,BASIC
U00841,2021-01-01,PREMIUM
U02613,2023-07-10,BASIC
U07542,2021-07-18,BASIC
U07209,2023-09-12,PREMIUM
U00491,2022-11-03,PREMIUM
U04907,2023-09-19,PREMIUM
U05392,2022-07-03,BASIC
U00851,2023-08-16,BASIC
U04667,2023-03-14,PREMIUM
U03883,2023-04-26,PREMIUM
U02454,2022-09-13,BASIC
U05423,2023-06-09,BASIC
U04486,2023-03-18,BASIC
U00481,2022-01-27,BASIC
U04619,2023-01-14,PREMIUM
U00143,2022-06-01,PREMIUM
U03190,2021-06-11,BASIC
U07706,2022-05-29,PREMIUM
U00746,2022-01-02,BASIC
U05255,2023-01-20,PREMIUM
U01508,2022-10-26,BASIC
U1219,2021-06-24,PREMIUM
U02251,2021-08-15,PREMIUM
U01149,2022-12-28,BASIC
U06132,2021-09-04,BASIC
U05006,2022-05-03,PREMIUM
U0320,2021-07-15,BASIC
U02072,2023-07-04,BASIC
U01345,2021-09-10,BASIC
U05406,2023-03-30,BASIC
U01674,2021-05-16,BASIC
U1048,2021-07-09,BASIC
U03239,2021-01-17,BASIC
U05807,2021-06-14,PREMIUM
U1387,2022-05-05,BASIC
U0107,2022-02-05,PREMIUM
U0248,2021-11-14,BASIC
U07206,2022-01-25,PREMIUM
U1573,2021-06-21,BASIC
U07668,2023-04-02,BASIC
U0382,2023-07-01,BASIC
U00840,2023-03-12,PREMIUM
U03951,2023-03-14,BASIC
U06310,2022-02-18,PREMIUM
U06934,2022-09-07,BASIC
U07790,2022-08-04,BASIC
U03179,2021-06-15,PREMIUM
U0330,2023-04-23,PREMIUM
U06313,2022-11-16,BASIC
U02754,2023-05-04,PREMIUM
U07852,2023-02-13,BASIC
U0079,2023-03-01,BASIC
U02467,2023-09-25,BASIC
U04801,2023-05-26,BASIC
U05989,2022-02-28,BASIC
U05081,2022-09-18,PREMIUM
U04968,2021-04-16,BASIC
U02144,2023-07-13,BASIC
U05029,2021-04-30,BASIC
U07185,2022-03-21,BASIC
U1547,2021-06-16,PREMIUM
U02871,2021-12-31,BASIC
U03317,2022-02-16,BASIC
U03224,2022-06-09,BASIC
U0410,2021-04-17,BASIC
U01053,2021-05-26,PREMIUM
U03693,2022-12-03,BASIC
U01126,2022-12-09,BASIC
U00493,2022-08-15,PREMIUM
U01856,2022-08-04,BASIC
U02779,2021-10-07,PREMIUM
U05511,2022-04-07,BASIC
U04459,2021-04-06,PREMIUM
U04295,2023-07-21,PREMIUM
U1731,2023-08-29,BASIC
U0574,2021-09-21,BASIC
U01771,2021-06-11,BASIC
U02148,2022-07-25,BASIC
U1637,2021-06-14,BASIC
U03921,2022-12-15,BASIC
U07360,2023-01-29,BASIC
U04616,2022-01-01,BASIC
U04004,2021-09-23,BASIC
U07165,2022-04-22,PREMIUM
U02497,2023-03-30,BASIC
U06175,2022-09-13,PREMIUM
U04657,2022-04-04,BASIC
U00370,2023-06-03,PREMIUM
U02782,2023-06-28,BASIC
U05994,2022-06-06,BASIC
U00952,2023-03-26,PREMIUM
U03627,2022-02-25,PREMIUM
U04973,2022-11-10,BASIC
U06718,2021-08-24,BASIC
U0462,2022-09-21,BASIC
U03988,2022-04-26,PREMIUM
U1586,2022-11-16,BASIC
U00808,2021-12-07,BASIC
U03803,2023-06-03,BASIC
U03598,2021-06-03,PREMIUM
U05208,2023-08-03,BASIC
U05345,2021-10-21,PREMIUM
U05562,2022-03-05,PREMIUM
U06098,2023-04-27,BASIC
U0077,2021-01-19,PREMIUM
U0629,2022-07-01,PREMIUM
U1145,2021-05-15,BASIC
U05808,2021-01-27,BASIC
U01011,2023-02-14,BASIC
U1030,2022-11-09,BASIC
U02016,2023-07-25,BASIC
U05457,2021-07-27,BASIC
U01865,2021-09-18,PREMIUM
U00735,2023-07-22,BASIC
U0070,2021-11-08,BASIC
U03444,2021-12-23,BASIC
U0268,2023-02-22,BASIC
U04711,2022-11-26,BASIC
U03856,2023-08-10,BASIC
U1641,2021-01-04,BASIC
U06321,2022-07-13,BASIC
U01396,2022-10-07,BASIC
U01329,2021-02-12,BASIC
U07984,2021-06-26,BASIC
U04104,2021-12-04,BASIC
U00977,2021-10-18,BASIC
U1358,2023-01-02,PREMIUM
U1659,2022-07-08,BASIC
U07333,2022-01-19,BASIC
U03090,2021-06-06,PREMIUM
U1200,2022-01-15,PREMIUM
U07761,2021-10-05,BASIC
U1275,2023-01-11,BASIC
U1917,2022-02-20,PREMIUM
U01422,2023-09-24,PREMIUM
U07806,2022-02-26,BASIC
U1921,2021-12-14,BASIC
U01446,2021-08-15,PREMIUM
U1243,2023-02-10,BASIC
U00207,2022-03-30,BASIC
U07437,2021-12-06,BASIC
U05341,2022-04-14,BASIC
U06210,2021-05-17,BASIC
U05681,2021-01-30,BASIC
U02644,2021-12-26,PREMIUM
U05685,2021-08-25,BASIC
U07009,2022-05-15,PREMIUM
U05998,2022-11-19,BASIC
U03602,2022-04-07,BASIC
U07153,2021-01-01,BASIC
U05024,2022-11-03,BASIC
U02895,2021-10-14,PREMIUM
U0017,2022-09-12,BASIC
U01356,2021-06-05,BASIC
U03897,2022-03-26,BASIC
U06756,2022-03-11,BASIC
U01438,2022-05-25,BASIC
U0703,2021-02-24,BASIC
U04895,2023-06-23,PREMIUM
U0784,2021-03-26,PREMIUM
U01448,2023-01-03,PREMIUM
U06052,2021-05-28,BASIC
U07148,2021-09-13,PREMIUM
U07983,2022-03-12,PREMIUM
U02737,2021-03-18,PREMIUM
U02498,2022-07-25,PREMIUM
U0690,2021-01-28,BASIC
U04017,2022-02-18,PREMIUM
U07721,2021-10-09,PREMIUM
U01989,2022-08-21,BASIC
U02913,2022-11-12,BASIC
U07494,2021-10-14,BASIC
U02495,2023-05-06,BASIC
U04946,2021-03-06,BASIC
U03701,2022-01-17,BASIC
U06354,2023-07-02,BASIC
U1833,2022-01-08,BASIC
U00871,2022-01-16,PREMIUM
U02435,2021-03-28,PREMIUM
U02975,2021-03-24,BASIC
U00963,2021-05-21,PREMIUM
U00202,2021-09-08,BASIC
U0377,2022-02-06,BASIC
U07851,2023-05-16,PREMIUM
U00559,2021-11-10,BASIC
U06447,2021-09-03,BASIC
U02201,2021-02-10,PREMIUM
U07639,2021-05-11,BASIC
U03541,2022-11-06,BASIC
U1337,2021-12-08,BASIC
U04199,2022-08-19,PREMIUM
U04297,2022-12-14,PREMIUM
U02501,2021-02-10,BASIC
U1827,2023-06-19,BASIC
U00257,2023-01-17,BASIC
U01172,2022-03-22,BASIC
U05402,2022-05-29,PREMIUM
U05160,2023-01-09,PREMIUM
U01110,2021-10-15,BASIC
U02550,2022-02-24,BASIC
U03425,2021-02-19,PREMIUM
U00051,2023-02-20,BASIC
U07210,2021-11-21,BASIC
U06817,2021-01-01,BASIC
U07799,2022-06-13,PREMIUM
U0300,2022-11-03,BASIC
U02063,2021-08-15,BASIC
U03536,2023-04-15,BASIC
U04618,2022-05-19,PREMIUM
U06122,2022-02-13,BASIC
U06157,2023-04-29,BASIC
U0542,2021-04-25,PREMIUM
U02738,2021-02-28,PREMIUM
U00387,2021-10-30,BASIC
U04696,2021-01-19,PREMIUM
U03761,2022-02-11,PREMIUM
U0771,2022-04-30,PREMIUM
U00978,2022-10-10,BASIC
U06682,2023-04-30,PREMIUM
U1085,2021-12-08,BASIC
U0998,2021-03-19,BASIC
U00913,2023-09-01,PREMIUM
U06340,2022-01-26,PREMIUM
U1318,2023-02-21,BASIC
U07563,2021-12-10,BASIC
U04548,2022-01-31,BASIC
U05100,2022-11-17,BASIC
U00813,2021-12-24,BASIC
U0159,2022-03-08,BASIC
U00513,2022-10-28,BASIC
U02284,2022-07-01,BASIC
U07341,2023-04-08,BASIC
U06802,2022-05-18,BASIC
U04289,2023-07-27,PREMIUM
U0762,2021-04-18,PREMIUM
U05127,2021-08-26,BASIC
U0050,2021-08-29,BASIC
U05779,2023-03-07,BASIC
U00933,2021-10-31,PREMIUM
U06006,2022-11-07,BASIC
U00329,2021-07-29,PREMIUM
U02391,2021-10-28,BASIC
U06960,2021-04-16,BASIC
U02220,2021-10-16,PREMIUM
U1208,2022-04-30,BASIC
U01512,2021-10-04,BASIC
U02933,2021-10-19,BASIC
U03537,2023-09-07,PREMIUM
U03793,2023-02-22,BASIC
U1585,2023-03-11,BASIC
U03174,2021-01-31,BASIC
U03251,2021-08-18,BASIC
U04530,2021-02-28,BASIC
U07850,2021-11-26,BASIC
U03857,2022-01-10,BASIC
U06166,2022-11-04,BASIC
U0500,2022-02-26,BASIC
U02739,2022-03-07,PREMIUM
U1345,2022-11-06,BASIC
U01698,2023-01-01,BASIC
U0630,2022-10-28,BASIC
U05282,2022-01-10,BASIC
U05556,2021-07-06,BASIC
U01583,2023-02-22,BASIC
U1265,2023-08-24,BASIC
U04587,2023-06-06,BASIC
U1650,2023-01-19,BASIC
U03234,2022-11-06,BASIC
U01765,2021-02-24,PREMIUM
U01306,2023-09-21,BASIC
U1277,2022-06-01,BASIC
U05996,2022-05-20,BASIC
U1979,2022-08-17,BASIC
U1717,2021-10-16,PREMIUM
U01750,2021-07-07,PREMIUM
U02415,2021-05-12,PREMIUM
U03532,2022-08-24,BASIC
U03577,2021-12-20,BASIC
U06903,2022-09-09,BASIC
U05528,2022-11-06,BASIC
U07476,2022-12-21,PREMIUM
U03866,2023-04-20,BASIC
U04778,2023-02-19,PREMIUM
U1644,2023-04-10,BASIC
U05394,2022-03-19,BASIC
U03594,2022-12-01,BASIC
U07723,2023-07-13,BASIC
U0759,2022-12-24,BASIC
U03452,2023-09-05,BASIC
U07956,2022-07-30,BASIC
U01629,2023-01-06,BASIC
U00695,2021-01-28,BASIC
U07791,2022-06-19,BASIC
U03917,2021-01-29,BASIC
U01159,2021-09-21,BASIC
U04670,2022-02-19,PREMIUM
U0795,2021-02-03,PREMIUM
U02638,2021-06-05,BASIC
U01244,2021-11-12,PREMIUM
U1904,2022-01-06,BASIC
U04894,2021-07-11,BASIC
U04376,2021-05-24,PREMIUM
U05576,2021-07-20,PREMIUM
U0263,2022-09-16,BASIC
U04021,2023-05-31,BASIC
U03118,2021-08-06,BASIC
U06757,2022-11-13,BASIC
U05410,2021-04-18,PREMIUM
U00792,2021-06-27,PREMIUM
U1130,2022-05-26,BASIC
U05860,2022-11-08,BASIC
U0896,2022-03-17,PREMIUM
U05037,2023-01-28,BASIC
U05723,2023-09-05,BASIC
U03979,2021-11-05,BASIC
U03136,2023-05-26,PREMIUM
U0852,2022-10-17,BASIC
U02490,2021-12-10,PREMIUM
U04940,2023-07-29,BASIC
U07064,2022-09-13,PREMIUM
U04912,2022-05-31,BASIC
U0158,2022-11-17,BASIC
U05387,2021-01-05,BASIC
U0837,2022-06-02,BASIC
U01842,2022-09-17,BASIC
U06112,2023-07-25,BASIC
U03058,2023-07-16,BASIC
U07764,2021-06-29,BASIC
U06156,2021-05-09,PREMIUM
U00733,2021-05-01,PREMIUM
U06998,2022-04-12,PREMIUM
U00456,2021-04-27,BASIC
U05217,2021-03-04,BASIC
U01106,2022-08-03,BASIC
U06394,2021-10-31,BASIC
U04280,2022-08-29,BASIC
U01101,2023-09-26,BASIC
U04186,2022-09-06,BASIC
U01563,2022-01-05,BASIC
U03894,2022-12-27,BASIC
U0274,2023-08-26,BASIC
U04738,2023-06-07,PREMIUM
U03620,2022-05-09,BASIC
U03260,2022-08-27,BASIC
U07689,2023-03-22,BASIC
U00697,2021-06-12,BASIC
U00029,2023-06-07,BASIC
U03465,2021-09-02,BASIC
U00570,2023-09-05,BASIC
U06008,2023-07-12,BASIC
U0844,2021-10-01,BASIC
U00064,2021-09-02,BASIC
U03278,2022-10-27,PREMIUM
U05210,2022-01-06,BASIC
U06686,2023-05-10,BASIC
U06573,2023-09-24,BASIC
U04333,2023-06-16,BASIC
U02861,2023-08-07,BASIC
U02889,2022-03-19,PREMIUM
U07270,2021-01-13,PREMIUM
U1072,2022-12-15,BASIC
U06531,2023-02-17,BASIC
U05918,2021-08-13,BASIC
U04865,2021-04-08,BASIC
U05894,2021-11-12,PREMIUM
U04441,2021-11-19,BASIC
U05871,2022-08-30,PREMIUM
U0164,2023-04-07,BASIC
U07469,2022-07-21,PREMIUM
U05631,2022-03-23,BASIC
U0693,2021-01-10,BASIC
U02299,2023-08-02,PREMIUM
U1857,2022-05-18,PREMIUM
U03677,2021-12-08,PREMIUM
U04875,2022-12-29,BASIC
U07694,2021-06-10,BASIC
U05991,2022-08-11,BASIC
U01845,2022-09-22,BASIC
U1377,2022-09-02,PREMIUM
U01075,2023-09-15,BASIC
U05557,2022-12-21,BASIC
U01945,2022-10-28,PREMIUM
U0023,2021-01-01,BASIC
U01154,2023-03-14,BASIC
U06228,2022-09-02,PREMIUM
U1575,2021-09-30,BASIC
U07672,2022-06-21,BASIC
U05101,2021-11-24,BASIC
U03488,2021-04-03,BASIC
U04237,2023-04-09,BASIC
U07557,2021-06-25,BASIC
U05043,2022-12-13,PREMIUM
U00614,2021-11-28,PREMIUM
U05515,2022-07-10,BASIC
U06435,2022-06-26,BASIC
U06794,2022-07-04,PREMIUM
U03395,2021-05-02,PREMIUM
U06840,2023-07-04,PREMIUM
U01892,2023-07-15,BASIC
U01558,2021-08-05,BASIC
U0846,2021-03-10,BASIC
U0619,2021-05-26,PREMIUM
U05736,2021-12-30,BASIC
U1361,2023-01-21,PREMIUM
U02660,2021-07-15,BASIC
U01007,2021-02-05,PREMIUM
U00736,2022-11-18,BASIC
U1721,2023-05-08,BASIC
U07169,2023-07-10,PREMIUM
U00749,2022-09-12,BASIC
U00049,2021-09-08,BASIC
U05851,2021-10-15,BASIC
U00560,2021-01-22,PREMIUM
U07276,2021-08-17,BASIC
U06668,2022-01-09,PREMIUM
U04398,2022-10-21,BASIC
U01387,2022-04-28,PREMIUM
U02557,2021-03-25,BASIC
U0489,2023-08-03,BASIC
U04422,2023-05-22,BASIC
U03053,2022-04-16,PREMIUM
U03313,2022-05-04,BASIC
U00435,2022-01-13,BASIC
U04951,2023-04-05,BASIC
U0471,2022-06-09,BASIC
U1494,2021-08-10,BASIC
U06324,2021-09-03,BASIC
U03580,2023-01-03,BASIC
U02428,2023-09-11,BASIC
U0907,2021-08-08,BASIC
U04267,2022-05-10,BASIC
U03736,2022-03-12,PREMIUM
U03193,2023-02-15,BASIC
U03392,2021-01-15,BASIC
U0212,2021-12-08,BASIC
U05272,2023-07-23,PREMIUM
